count,1,2,3,4,5,6,7,persons,amounts,total,odd,even,yellow,blue,red,green,gray,band,1continue,2continue,3continue,4continue,endigDigit
1,10,23,29,33,37,40,16,0,0,172,4,2,1,0,2,3,0,3,0,0,0,0,2
2,9,13,21,25,32,42,2,1,"2,002,006,800",142,4,2,1,1,2,1,1,5,0,0,0,0,2
3,11,16,19,21,27,31,30,1,"2,000,000,000",125,5,1,0,3,2,1,0,3,0,0,0,0,3
4,14,27,30,31,40,42,2,0,0,184,2,4,0,1,2,2,1,4,1,0,0,0,2
5,16,24,29,40,41,42,3,0,0,192,2,4,0,1,2,1,2,4,0,1,0,0,1
6,14,15,26,27,40,42,34,1,"6,574,451,700",164,2,4,0,2,2,1,1,4,1,0,0,0,1
7,2,9,16,25,26,40,42,0,0,118,2,4,2,1,2,1,0,4,1,0,0,0,2
8,8,19,25,34,37,39,9,0,0,162,4,2,1,1,1,3,0,4,0,0,0,0,2
9,2,4,16,17,36,39,14,0,0,114,2,4,2,2,0,2,0,3,1,0,0,0,2
10,9,25,30,33,41,44,6,13,"6,430,437,900",182,4,2,1,0,2,1,2,4,0,0,0,0,1
11,1,7,36,37,41,42,14,5,"4,780,152,300",164,4,2,2,0,0,2,2,3,1,0,0,0,2
12,2,11,21,25,39,45,44,12,"1,348,845,700",143,5,1,1,1,2,1,1,5,0,0,0,0,2
13,22,23,25,37,38,42,26,0,0,187,3,3,0,0,3,2,1,3,1,0,0,0,2
14,2,6,12,31,33,40,15,4,"9,375,048,300",124,2,4,2,1,0,3,0,3,0,0,0,0,2
15,3,4,16,30,31,37,13,1,"17,014,245,000",121,3,3,2,1,1,2,0,4,1,0,0,0,1
16,6,7,24,37,38,40,33,4,"4,377,146,100",152,2,4,2,0,1,3,0,3,1,0,0,0,2
17,3,4,9,17,32,37,1,3,"5,349,491,200",102,4,2,3,1,0,2,0,3,1,0,0,0,2
18,3,12,13,19,32,35,29,0,0,114,4,2,1,3,0,2,0,3,1,0,0,0,2
19,6,30,38,39,40,43,26,1,"40,722,959,400",196,2,4,1,0,1,3,1,4,0,1,0,0,2
20,10,14,18,20,23,30,41,1,"19,352,212,800",115,1,5,1,3,2,0,0,3,0,0,0,0,3
21,6,12,17,18,31,32,21,23,"797,475,400",116,2,4,1,3,0,2,0,3,1,0,0,0,2
22,4,5,6,8,17,39,25,4,"4,552,194,900",79,3,3,4,1,0,1,0,3,0,1,0,0,1
23,5,13,17,18,33,42,44,4,"4,317,947,700",128,4,2,1,3,0,1,1,4,1,0,0,0,2
24,7,8,27,29,36,43,6,0,0,150,4,2,2,0,2,1,1,4,1,0,0,0,2
25,2,4,21,26,43,44,16,2,"24,227,745,300",140,2,4,2,0,2,0,2,3,1,0,0,0,2
26,4,5,7,18,20,25,31,5,"3,495,069,900",79,3,3,3,2,1,0,0,3,1,0,0,0,2
27,1,20,26,28,37,43,27,2,"9,543,982,500",155,3,3,1,1,2,1,1,5,0,0,0,0,1
28,9,18,23,25,35,37,1,10,"1,700,361,100",147,5,1,1,1,2,2,0,4,0,0,0,0,2
29,1,5,13,34,39,40,11,5,"3,552,594,000",132,4,2,2,1,0,3,0,3,1,0,0,0,1
30,8,17,20,35,36,44,4,2,"8,728,555,500",160,2,4,1,2,0,2,1,4,1,0,0,0,1
31,7,9,18,23,28,35,32,2,"8,106,672,900",120,4,2,2,1,2,1,0,4,0,0,0,0,2
32,6,14,19,25,34,44,11,10,"1,634,528,300",142,2,4,1,2,1,1,1,5,0,0,0,0,3
33,4,7,32,33,40,41,9,1,"14,903,517,600",157,3,3,2,0,0,3,1,3,1,0,0,0,1
34,9,26,35,37,40,42,2,5,"3,056,918,000",189,3,3,1,0,1,3,1,4,0,0,0,0,1
35,2,3,11,26,37,43,39,3,"5,054,598,200",122,4,2,2,1,1,1,1,5,1,0,0,0,2
36,1,10,23,26,28,40,31,1,"16,014,475,800",128,2,4,2,0,3,1,0,3,0,0,0,0,2
37,7,27,30,33,35,37,42,3,"4,985,999,400",169,5,1,1,0,2,3,0,3,0,0,0,0,3
38,16,17,22,30,37,43,36,3,"5,374,866,400",165,3,3,0,2,2,1,1,4,1,0,0,0,2
39,6,7,13,15,21,43,8,6,"2,623,748,800",105,5,1,2,2,1,0,1,4,1,0,0,0,2
40,7,13,18,19,25,26,6,13,"1,147,652,400",108,4,2,1,3,2,0,0,3,1,0,0,0,1
41,13,20,23,35,38,43,34,0,0,172,4,2,0,2,1,2,1,4,0,0,0,0,3
42,17,18,19,21,23,32,1,6,"6,899,280,100",130,4,2,0,3,2,1,0,3,0,1,0,0,1
43,6,31,35,38,39,44,1,1,"17,749,630,800",193,3,3,1,0,0,4,1,3,1,0,0,0,1
44,3,11,21,30,38,45,39,5,"3,362,155,800",148,4,2,1,1,2,1,1,5,0,0,0,0,2
45,1,10,20,27,33,35,17,2,"8,356,417,800",126,4,2,2,1,1,2,0,4,0,0,0,0,2
46,8,13,15,23,31,38,39,3,"5,327,758,800",128,4,2,1,2,1,2,0,4,0,0,0,0,2
47,14,17,26,31,36,45,27,5,"3,250,042,400",169,3,3,0,2,1,2,1,4,0,0,0,0,2
48,6,10,18,26,37,38,3,6,"2,415,673,600",135,1,5,2,1,1,2,0,4,1,0,0,0,2
49,4,7,16,19,33,40,30,7,"1,967,504,600",119,3,3,2,2,0,2,0,3,0,0,0,0,1
50,2,10,12,15,22,44,1,3,"5,227,061,400",105,1,5,2,2,1,0,1,4,0,0,0,0,3
51,2,3,11,16,26,44,35,6,"2,421,117,000",102,2,4,2,2,1,0,1,4,1,0,0,0,2
52,2,4,15,16,20,29,1,4,"3,900,844,900",86,2,4,2,3,1,0,0,3,1,0,0,0,1
53,7,8,14,32,33,39,42,3,"5,014,371,000",133,3,3,2,1,0,3,0,3,1,0,0,0,1
54,1,8,21,27,36,39,37,3,"5,148,626,600",132,4,2,2,0,2,2,0,3,0,0,0,0,2
55,17,21,31,37,40,44,7,2,"7,088,799,600",190,4,2,0,1,1,3,1,4,0,0,0,0,2
56,10,14,30,31,33,37,19,4,"3,777,570,900",155,3,3,1,1,1,3,0,4,1,0,0,0,2
57,7,10,16,25,29,44,6,4,"4,114,411,900",131,3,3,2,1,2,0,1,4,0,0,0,0,1
58,10,24,25,33,40,44,1,4,"3,676,429,200",176,2,4,1,0,2,2,1,4,1,0,0,0,2
59,6,29,36,39,41,45,13,4,"4,127,587,300",196,4,2,1,0,1,2,2,4,0,0,0,0,2
60,2,8,25,36,39,42,11,7,"2,172,504,600",152,2,4,2,0,1,2,1,4,0,0,0,0,2
61,14,15,19,30,38,43,8,5,"3,541,038,800",159,3,3,0,3,1,1,1,4,1,0,0,0,1
62,3,8,15,27,29,35,21,1,"15,817,286,400",117,5,1,2,1,2,1,0,4,0,0,0,0,2
63,3,20,23,36,38,40,5,2,"7,922,245,500",160,2,4,1,1,1,3,0,4,0,0,0,0,2
64,14,15,18,21,26,36,39,4,"3,899,818,000",130,2,4,0,3,2,1,0,3,1,0,0,0,2
65,4,25,33,36,40,43,39,4,"3,727,945,800",181,3,3,1,0,1,3,1,4,0,0,0,0,2
66,2,3,7,17,22,24,45,4,"3,685,138,200",75,3,3,3,1,2,0,0,3,1,0,0,0,2
67,3,7,10,15,36,38,33,7,"2,114,436,500",109,3,3,3,1,0,2,0,3,0,0,0,0,1
68,10,12,15,16,26,39,38,5,"2,945,882,100",118,2,4,1,3,1,1,0,4,1,0,0,0,2
69,5,8,14,15,19,39,35,3,"4,962,712,200",100,4,2,2,3,0,1,0,3,1,0,0,0,2
70,5,19,22,25,28,43,26,3,"5,031,277,800",142,4,2,1,1,3,0,1,4,0,0,0,0,2
71,5,9,12,16,29,41,21,0,0,112,4,2,2,2,1,0,1,4,0,0,0,0,2
72,2,4,11,17,26,27,1,13,"3,260,524,600",87,3,3,2,2,2,0,0,3,1,0,0,0,2
73,3,12,18,32,40,43,38,6,"2,766,662,100",148,2,4,1,2,0,2,1,4,0,0,0,0,2
74,6,15,17,18,35,40,23,3,"5,284,949,800",131,3,3,1,3,0,2,0,3,1,0,0,0,2
75,2,5,24,32,34,44,28,4,"3,914,616,900",141,1,5,2,0,1,2,1,4,0,0,0,0,3
76,1,3,15,22,25,37,43,2,"7,451,022,600",103,5,1,2,1,2,1,0,4,0,0,0,0,2
77,2,18,29,32,43,44,37,3,"5,155,758,600",168,2,4,1,1,1,1,2,5,1,0,0,0,2
78,10,13,25,29,33,35,38,4,"3,519,850,000",145,5,1,1,1,2,2,0,4,0,0,0,0,2
79,3,12,24,27,30,32,14,4,"3,416,443,800",128,2,4,1,1,3,1,0,4,0,0,0,0,2
80,17,18,24,25,26,30,1,1,"13,809,540,000",140,2,4,0,2,4,0,0,2,0,1,0,0,1
81,5,7,11,13,20,33,6,5,"2,714,288,880",89,5,1,2,3,0,1,0,3,0,0,0,0,2
82,1,2,3,14,27,42,39,1,"14,562,494,400",89,3,3,3,1,1,0,1,4,0,1,0,0,2
83,6,10,15,17,19,34,14,2,"7,086,948,300",101,3,3,2,3,0,1,0,3,0,0,0,0,1
84,16,23,27,34,42,45,11,2,"7,669,779,000",187,3,3,0,1,2,1,2,4,0,0,0,0,1
85,6,8,13,23,31,36,21,4,"3,462,109,800",117,3,3,2,1,1,2,0,4,0,0,0,0,2
86,2,12,37,39,41,45,33,1,"14,252,186,400",176,4,2,1,1,0,2,2,4,0,0,0,0,2
87,4,12,16,23,34,43,26,11,"1,799,358,055",132,2,4,1,2,1,1,1,5,0,0,0,0,2
88,1,17,20,24,30,41,27,4,"3,069,709,650",133,3,3,1,2,2,0,1,4,0,0,0,0,2
89,4,26,28,29,33,40,37,3,"4,248,321,900",160,2,4,1,0,3,2,0,3,1,0,0,0,1
90,17,20,29,35,38,44,10,4,"3,291,435,300",183,3,3,0,2,1,2,1,4,0,0,0,0,1
91,1,21,24,26,29,42,27,4,"3,582,902,400",143,3,3,1,0,4,0,1,3,0,0,0,0,2
92,3,14,24,33,35,36,17,11,"1,233,270,846",145,3,3,1,1,1,3,0,4,1,0,0,0,2
93,6,22,24,36,38,44,19,6,"2,269,178,150",170,0,6,1,0,2,2,1,4,0,0,0,0,2
94,5,32,34,40,41,45,6,6,"2,245,339,950",197,3,3,1,0,0,3,2,3,1,0,0,0,2
95,8,17,27,31,34,43,14,8,"1,747,741,238",160,4,2,1,1,1,2,1,5,0,0,0,0,2
96,1,3,8,21,22,31,20,7,"1,847,133,515",86,4,2,3,0,2,1,0,3,1,0,0,0,3
97,6,7,14,15,20,36,3,9,"1,496,214,000",98,2,4,2,3,0,1,0,3,1,0,0,0,2
98,6,9,16,23,24,32,43,4,"3,177,972,300",110,2,4,2,1,2,1,0,4,1,0,0,0,2
99,1,3,10,27,29,37,11,6,"2,169,219,050",107,5,1,3,0,2,1,0,3,0,0,0,0,2
100,1,7,11,23,37,42,6,4,"3,315,315,525",121,5,1,2,1,1,1,1,5,0,0,0,0,2
101,1,3,17,32,35,45,8,5,"2,707,297,500",133,5,1,2,1,0,2,1,4,0,0,0,0,2
102,17,22,24,26,35,40,42,9,"1,457,153,067",164,2,4,0,1,3,2,0,3,0,0,0,0,1
103,5,14,15,27,30,45,10,8,"1,691,589,563",136,4,2,1,2,2,0,1,4,1,0,0,0,3
104,17,32,33,34,42,44,35,2,"6,610,743,750",202,2,4,0,1,0,3,2,3,0,1,0,0,2
105,8,10,20,34,41,45,28,4,"3,416,781,450",158,2,4,2,1,0,1,2,4,0,0,0,0,2
106,4,10,12,22,24,33,29,16,"810,461,157",105,1,5,2,1,2,1,0,4,0,0,0,0,2
107,1,4,5,6,9,31,17,2,"6,679,927,800",56,4,2,5,0,0,1,0,2,0,1,0,0,2
108,7,18,22,23,29,44,12,7,"1,998,900,772",143,3,3,1,1,3,0,1,4,1,0,0,0,1
109,1,5,34,36,42,44,33,12,"1,246,838,200",162,2,4,2,0,0,2,2,3,0,0,0,0,2
110,7,20,22,23,29,43,1,3,"4,566,262,000",144,4,2,1,1,3,0,1,4,1,0,0,0,2
111,7,18,31,33,36,40,27,6,"2,199,047,450",165,3,3,1,1,0,4,0,3,0,0,0,0,1
112,26,29,30,33,41,42,43,9,"1,567,271,167",201,3,3,0,0,3,1,2,3,1,0,0,0,1
113,4,9,28,33,36,45,26,9,"1,561,528,934",155,3,3,2,0,1,2,1,4,0,0,0,0,1
114,11,14,19,26,28,41,2,6,"2,362,345,050",139,3,3,0,3,2,0,1,3,0,0,0,0,2
115,1,2,6,9,25,28,31,9,"1,488,589,567",71,3,3,4,0,2,0,0,2,1,0,0,0,1
116,2,4,25,31,34,37,17,7,"1,997,747,315",133,3,3,2,0,1,3,0,3,0,0,0,0,2
117,5,10,22,34,36,44,35,9,"1,558,378,334",151,1,5,2,0,1,2,1,4,0,0,0,0,2
118,3,4,10,17,19,22,38,10,"1,297,989,720",75,3,3,3,2,1,0,0,3,1,0,0,0,1
119,3,11,13,14,17,21,38,9,"1,474,899,400",79,5,1,1,4,1,0,0,3,1,0,0,0,2
120,4,6,10,11,32,37,30,3,"4,364,530,300",100,2,4,3,1,0,2,0,3,1,0,0,0,1
121,12,28,30,34,38,43,9,2,"6,839,648,100",185,1,5,0,1,2,2,1,4,0,0,0,0,2
122,1,11,16,17,36,40,8,9,"1,450,073,800",121,3,3,1,3,0,2,0,3,1,0,0,0,2
123,7,17,18,28,30,45,27,5,"2,532,982,680",145,3,3,1,2,2,0,1,4,1,0,0,0,2
124,4,16,23,25,29,42,1,9,"1,395,936,267",139,3,3,1,1,3,0,1,4,0,0,0,0,1
125,2,8,32,33,35,36,18,7,"1,754,870,786",146,2,4,2,0,0,4,0,2,1,0,0,0,2
126,7,20,22,27,40,43,1,9,"1,369,301,500",159,3,3,1,1,2,1,1,5,0,0,0,0,2
127,3,5,10,29,32,43,35,6,"1,965,939,150",122,4,2,3,0,1,1,1,4,0,0,0,0,2
128,12,30,34,36,37,45,39,6,"2,064,043,100",194,2,4,0,1,1,3,1,4,1,0,0,0,1
129,19,23,25,28,38,42,17,11,"1,093,629,655",175,3,3,0,1,3,1,1,4,0,0,0,0,2
130,7,19,24,27,42,45,31,4,"3,036,496,650",164,4,2,1,1,2,0,2,4,0,0,0,0,2
131,8,10,11,14,15,21,37,8,"1,451,214,488",79,3,3,2,3,1,0,0,3,1,0,0,0,2
132,3,17,23,34,41,45,43,4,"2,920,473,525",163,5,1,1,1,1,1,2,5,0,0,0,0,2
133,4,7,15,18,23,26,13,8,"1,450,242,600",93,3,3,2,2,2,0,0,3,0,0,0,0,1
134,3,12,20,23,31,35,43,5,"2,349,155,100",124,4,2,1,2,1,2,0,4,0,0,0,0,2
135,6,14,22,28,35,39,16,7,"1,717,293,515",144,2,4,1,1,2,2,0,4,0,0,0,0,1
136,2,16,30,36,41,42,11,6,"1,997,694,150",167,1,5,1,1,1,1,2,5,1,0,0,0,2
137,7,9,20,25,36,39,15,9,"1,270,403,467",136,4,2,2,1,1,2,0,4,0,0,0,0,2
138,10,11,27,28,37,39,19,5,"2,227,152,000",152,4,2,1,1,2,2,0,4,1,0,0,0,2
139,9,11,15,20,28,43,13,7,"1,650,210,215",126,4,2,1,3,1,0,1,4,0,0,0,0,1
140,3,13,17,18,19,28,8,5,"2,109,462,840",98,4,2,1,4,1,0,0,3,0,1,0,0,2
141,8,12,29,31,42,43,2,6,"1,900,552,400",165,3,3,1,1,1,1,2,5,1,0,0,0,2
142,12,16,30,34,40,44,19,11,"1,018,265,564",176,0,6,0,2,1,2,1,4,0,0,0,0,2
143,26,27,28,42,43,45,8,3,"3,954,584,700",211,3,3,0,0,3,0,3,2,0,1,0,0,1
144,4,15,17,26,36,37,43,8,"1,402,440,413",135,3,3,1,2,1,2,0,4,1,0,0,0,2
145,2,3,13,20,27,44,9,3,"3,797,838,200",109,3,3,2,2,1,0,1,4,1,0,0,0,2
146,2,19,27,35,41,42,25,2,"6,043,415,250",166,4,2,1,1,1,1,2,5,1,0,0,0,2
147,4,6,13,21,40,42,36,7,"1,700,040,215",126,2,4,2,1,1,1,1,5,0,0,0,0,1
148,21,25,33,34,35,36,17,5,"2,323,596,420",184,4,2,0,0,2,4,0,2,0,0,1,0,2
149,2,11,21,34,41,42,27,7,"1,639,052,143",151,3,3,1,1,1,1,2,5,1,0,0,0,3
150,2,18,25,28,37,39,16,4,"2,831,645,850",149,3,3,1,1,2,2,0,4,0,0,0,0,2
151,1,2,10,13,18,19,15,4,"2,716,634,025",63,3,3,3,3,0,0,0,2,1,0,0,0,1
152,1,5,13,26,29,34,43,5,"2,278,131,840",108,4,2,2,1,2,1,0,4,0,0,0,0,1
153,3,8,11,12,13,36,33,4,"2,730,526,125",83,3,3,2,3,0,1,0,3,0,1,0,0,2
154,6,19,21,35,40,45,20,4,"2,836,628,700",166,4,2,1,1,1,2,1,5,0,0,0,0,2
155,16,19,20,32,33,41,4,9,"1,193,005,734",161,3,3,0,3,0,2,1,3,1,0,0,0,1
156,5,18,28,30,42,45,2,8,"1,401,099,900",168,2,4,1,1,2,0,2,4,0,0,0,0,2
157,19,26,30,33,35,39,37,2,"5,484,903,750",182,4,2,0,1,2,3,0,3,0,0,0,0,2
158,4,9,13,18,21,34,7,10,"1,069,544,340",99,3,3,2,2,1,1,0,4,0,0,0,0,2
159,1,18,30,41,42,43,32,6,"1,755,407,300",175,3,3,1,1,1,0,3,4,0,1,0,0,2
160,3,7,8,34,39,41,1,2,"5,490,805,350",132,4,2,3,0,0,2,1,3,1,0,0,0,1
161,22,34,36,40,42,45,44,7,"1,996,876,272",219,1,5,0,0,1,3,2,3,0,0,0,0,2
162,1,5,21,25,38,41,24,5,"2,308,265,760",131,5,1,2,0,2,1,1,4,0,0,0,0,3
163,7,11,26,28,29,44,16,7,"1,629,726,515",145,3,3,1,1,3,0,1,4,1,0,0,0,1
164,6,9,10,11,39,41,27,3,"4,054,937,900",116,4,2,3,1,0,1,1,4,0,1,0,0,2
165,5,13,18,19,22,42,31,2,"6,767,426,700",119,3,3,1,3,1,0,1,4,1,0,0,0,2
166,9,12,27,36,39,45,14,11,"1,111,299,982",168,4,2,1,1,1,2,1,5,0,0,0,0,2
167,24,27,28,30,36,39,4,5,"2,491,222,920",184,2,4,0,0,4,2,0,2,1,0,0,0,1
168,3,10,31,40,42,43,30,5,"2,349,946,920",169,3,3,2,0,0,2,2,3,1,0,0,0,2
169,16,27,35,37,43,45,19,5,"2,482,888,380",203,5,1,0,1,1,2,2,4,0,0,0,0,2
170,2,11,13,15,31,42,10,6,"1,923,108,250",114,4,2,1,3,0,1,1,4,0,0,0,0,2
171,4,16,25,29,34,35,1,6,"1,961,339,700",143,3,3,1,1,2,2,0,4,1,0,0,0,2
172,4,19,21,24,26,41,35,11,"1,081,154,073",135,3,3,1,1,3,0,1,4,0,0,0,0,2
173,3,9,24,30,33,34,18,8,"1,487,736,788",133,3,3,2,0,2,2,0,3,1,0,0,0,2
174,13,14,18,22,35,39,16,7,"1,771,103,058",141,3,3,0,3,1,2,0,3,1,0,0,0,1
175,19,26,28,31,33,36,17,5,"2,371,132,620",173,3,3,0,1,2,3,0,3,0,0,0,0,2
176,4,17,30,32,33,34,15,5,"2,314,663,080",150,2,4,1,1,1,3,0,4,0,1,0,0,2
177,1,10,13,16,37,43,6,7,"1,693,285,500",120,4,2,2,2,0,1,1,4,0,0,0,0,2
178,1,5,11,12,18,23,9,5,"2,254,621,080",70,4,2,2,3,1,0,0,3,1,0,0,0,2
179,5,9,17,25,39,43,32,10,"1,081,093,920",138,6,0,2,1,1,1,1,5,0,0,0,0,2
180,2,15,20,21,29,34,22,2,"5,763,371,550",121,3,3,1,2,2,1,0,4,1,0,0,0,1
181,14,21,23,32,40,45,44,6,"1,941,763,300",175,3,3,0,1,2,2,1,4,0,0,0,0,1
182,13,15,27,29,34,40,35,3,"3,721,439,400",158,4,2,0,2,2,2,0,3,0,0,0,0,1
183,2,18,24,34,40,42,5,6,"1,777,221,500",160,0,6,1,1,1,2,1,5,0,0,0,0,2
184,1,2,6,16,20,33,41,6,"1,747,753,050",78,2,4,3,2,0,1,0,3,1,0,0,0,2
185,1,2,4,8,19,38,14,3,"3,522,485,800",72,2,4,4,1,0,1,0,3,1,0,0,0,2
186,4,10,14,19,21,45,9,9,"1,187,882,600",113,3,3,2,2,1,0,1,4,0,0,0,0,2
187,1,2,8,18,29,38,42,7,"1,544,733,900",96,2,4,3,1,1,1,0,4,1,0,0,0,3
188,19,24,27,30,31,34,36,3,"3,501,405,200",165,3,3,0,1,3,2,0,3,1,0,0,0,2
189,8,14,32,35,37,45,28,3,"3,461,775,100",171,3,3,1,1,0,3,1,4,0,0,0,0,2
190,8,14,18,30,31,44,15,6,"1,784,159,450",145,1,5,1,2,1,1,1,5,1,0,0,0,2
191,5,6,24,25,32,37,8,4,"2,577,114,675",129,3,3,2,0,2,2,0,3,1,0,0,0,2
192,4,8,11,18,37,45,33,4,"2,445,348,375",123,3,3,2,2,0,1,1,4,0,0,0,0,2
193,6,14,18,26,36,39,13,3,"3,404,449,700",139,1,5,1,2,1,2,0,4,0,0,0,0,3
194,15,20,23,26,39,44,28,4,"2,650,567,875",167,3,3,0,2,2,1,1,4,0,0,0,0,1
195,7,10,19,22,35,40,31,11,"918,992,591",133,3,3,2,1,1,2,0,4,0,0,0,0,2
196,35,36,37,41,44,45,30,15,"727,876,520",238,4,2,0,0,0,3,3,2,0,1,0,0,2
197,7,12,16,34,42,45,4,6,"1,803,018,300",156,2,4,1,2,0,1,2,4,0,0,0,0,2
198,12,19,20,25,41,45,2,6,"1,797,855,050",162,4,2,0,3,1,0,2,3,1,0,0,0,2
199,14,21,22,25,30,36,43,2,"5,344,252,200",148,2,4,0,1,4,1,0,3,1,0,0,0,1
200,5,6,13,14,17,20,7,8,"1,344,616,613",75,3,3,2,4,0,0,0,2,1,0,0,0,1
201,3,11,24,38,39,44,26,1,"9,719,465,400",159,3,3,1,1,1,2,1,5,1,0,0,0,2
202,12,14,27,33,39,44,17,6,"1,893,391,700",169,3,3,0,2,1,2,1,4,0,0,0,0,2
203,1,3,11,24,30,32,7,5,"2,164,564,740",101,3,3,2,1,2,1,0,4,0,0,0,0,2
204,3,12,14,35,40,45,5,8,"1,358,347,125",149,3,3,1,2,0,2,1,4,0,0,0,0,2
205,1,3,21,29,35,37,30,6,"1,835,221,800",126,6,0,2,0,2,2,0,3,0,0,0,0,2
206,1,2,3,15,20,25,43,5,"2,032,859,340",66,4,2,3,2,1,0,0,3,0,1,0,0,2
207,3,11,14,31,32,37,38,5,"2,104,673,760",128,4,2,1,2,0,3,0,3,1,0,0,0,2
208,14,25,31,34,40,44,24,6,"1,760,767,400",188,2,4,0,1,1,3,1,4,0,0,0,0,3
209,2,7,18,20,24,33,37,6,"1,660,896,350",104,2,4,2,2,1,1,0,4,0,0,0,0,1
210,10,19,22,23,25,37,39,2,"5,139,085,950",136,4,2,1,1,3,1,0,4,1,0,0,0,1
211,12,13,17,20,33,41,8,10,"1,035,800,250",136,4,2,0,4,0,1,1,3,1,0,0,0,2
212,11,12,18,21,31,38,8,4,"2,660,747,250",131,3,3,0,3,1,2,0,3,1,0,0,0,3
213,2,3,4,5,20,24,42,8,"1,376,678,025",58,2,4,4,1,1,0,0,3,0,0,1,0,2
214,5,7,20,25,28,37,32,8,"1,406,980,875",122,4,2,2,1,2,1,0,4,0,0,0,0,2
215,2,3,7,15,43,44,4,7,"1,587,689,615",114,4,2,3,1,0,0,2,3,1,0,0,0,2
216,7,16,17,33,36,40,1,13,"848,506,108",149,3,3,1,2,0,3,0,3,1,0,0,0,2
217,16,20,27,33,35,39,38,7,"1,611,246,172",170,4,2,0,2,1,3,0,3,0,0,0,0,1
218,1,8,14,18,29,44,20,4,"2,779,075,800",114,2,4,2,2,1,0,1,4,0,0,0,0,2
219,4,11,20,26,35,37,16,9,"1,208,409,167",133,3,3,1,2,1,2,0,4,0,0,0,0,1
220,5,11,19,21,34,43,31,6,"1,958,094,950",133,5,1,1,2,1,1,1,5,0,0,0,0,2
221,2,20,33,35,37,40,10,6,"1,800,104,250",167,3,3,1,1,0,4,0,3,0,0,0,0,2
222,5,7,28,29,39,43,44,5,"2,275,193,820",151,5,1,2,0,2,1,1,4,1,0,0,0,2
223,1,3,18,20,26,27,38,7,"1,498,170,600",95,3,3,2,2,2,0,0,3,1,0,0,0,1
224,4,19,26,27,30,42,7,6,"1,808,969,950",148,2,4,1,1,3,0,1,4,1,0,0,0,1
225,5,11,13,19,31,36,7,6,"1,777,201,800",115,5,1,1,3,0,2,0,3,0,0,0,0,2
226,2,6,8,14,21,22,34,6,"1,744,100,150",73,1,5,3,1,2,0,0,3,1,0,0,0,2
227,4,5,15,16,22,42,2,2,"5,253,542,400",104,2,4,2,2,1,0,1,4,1,0,0,0,2
228,17,25,35,36,39,44,23,9,"1,146,700,334",196,4,2,0,1,1,3,1,4,1,0,0,0,2
229,4,5,9,11,23,38,35,7,"1,451,441,100",90,4,2,3,1,1,1,0,4,1,0,0,0,1
230,5,11,14,29,32,33,12,8,"1,292,929,163",124,4,2,1,2,1,2,0,4,1,0,0,0,1
231,5,10,19,31,44,45,27,9,"1,088,365,900",154,4,2,2,1,0,1,2,4,1,0,0,0,2
232,8,9,10,12,24,44,35,9,"1,110,918,400",107,1,5,3,1,1,0,1,4,0,1,0,0,2
233,4,6,13,17,28,40,39,10,"999,153,750",108,2,4,2,2,1,1,0,4,0,0,0,0,1
234,13,21,22,24,26,37,4,4,"2,519,743,875",143,3,3,0,1,4,1,0,3,1,0,0,0,1
235,21,22,26,27,31,37,8,3,"3,433,330,100",164,4,2,0,0,4,2,0,2,1,0,0,0,2
236,1,4,8,13,37,39,7,2,"5,030,040,150",102,4,2,3,1,0,2,0,3,0,0,0,0,1
237,1,11,17,21,24,44,33,7,"1,440,630,729",118,4,2,1,2,2,0,1,4,0,0,0,0,3
238,2,4,15,28,31,34,35,9,"1,121,660,567",114,2,4,2,1,1,2,0,4,0,0,0,0,2
239,11,15,24,39,41,44,7,9,"1,134,140,167",174,4,2,0,2,1,1,2,4,0,0,0,0,2
240,6,10,16,40,41,43,21,2,"5,098,251,450",156,2,4,2,1,0,1,2,4,1,0,0,0,2
241,2,16,24,27,28,35,21,4,"2,552,016,300",132,2,4,1,1,3,1,0,4,1,0,0,0,1
242,4,19,20,21,32,34,43,8,"1,234,542,375",130,2,4,1,2,1,2,0,4,0,1,0,0,2
243,2,12,17,19,28,42,34,4,"2,408,850,000",120,2,4,1,3,1,0,1,4,0,0,0,0,3
244,13,16,25,36,37,38,19,1,"9,121,583,100",165,3,3,0,2,1,3,0,3,0,1,0,0,2
245,9,11,27,31,32,38,22,7,"1,382,583,129",148,4,2,1,1,1,3,0,4,1,0,0,0,2
246,13,18,21,23,26,39,15,5,"1,911,774,240",140,4,2,0,2,3,1,0,3,0,0,0,0,2
247,12,15,28,36,39,40,13,6,"1,669,313,900",170,2,4,0,2,1,3,0,3,1,0,0,0,1
248,3,8,17,23,38,45,13,8,"1,227,479,363",134,4,2,2,1,1,1,1,5,0,0,0,0,2
249,3,8,27,31,41,44,11,6,"1,663,568,700",154,4,2,2,0,1,1,2,4,0,0,0,0,2
250,19,23,30,37,43,45,38,5,"1,994,726,280",197,5,1,0,1,2,1,2,4,0,0,0,0,2
251,6,7,19,25,28,38,45,8,"1,282,616,400",123,3,3,2,1,2,1,0,4,1,0,0,0,2
252,14,23,26,31,39,45,28,7,"1,391,089,715",178,4,2,0,1,2,2,1,4,0,0,0,0,1
253,8,19,25,31,34,36,33,4,"2,466,189,525",153,3,3,1,1,1,3,0,4,0,0,0,0,1
254,1,5,19,20,24,30,27,1,"9,741,015,900",99,3,3,2,2,2,0,0,3,1,0,0,0,2
255,1,5,6,24,27,42,32,6,"1,598,618,550",105,3,3,3,0,2,0,1,3,1,0,0,0,1
256,4,11,14,21,23,43,32,2,"4,891,017,000",116,4,2,1,2,2,0,1,4,0,0,0,0,2
257,6,13,27,31,32,37,4,4,"2,391,377,025",146,4,2,1,1,1,3,0,4,1,0,0,0,2
258,14,27,30,31,38,40,17,4,"2,426,434,350",180,2,4,0,1,2,3,0,3,1,0,0,0,2
259,4,5,14,35,42,45,34,2,"4,838,533,500",145,3,3,2,1,0,1,2,4,1,0,0,0,3
260,7,12,15,24,37,40,43,4,"2,310,085,575",135,3,3,1,2,1,2,0,4,0,0,0,0,2
261,6,11,16,18,31,43,2,3,"3,192,299,100",125,3,3,1,3,0,1,1,4,0,0,0,0,2
262,9,12,24,25,29,31,36,2,"4,518,741,600",130,4,2,1,1,3,1,0,4,1,0,0,0,2
263,1,27,28,32,37,40,18,6,"1,551,704,900",165,3,3,1,0,2,3,0,3,1,0,0,0,2
264,9,16,27,36,41,44,5,7,"1,344,889,200",173,3,3,1,1,1,1,2,5,0,0,0,0,2
265,5,9,34,37,38,39,12,8,"1,200,838,575",162,4,2,2,0,0,4,0,2,0,1,0,0,2
266,3,4,9,11,22,42,37,3,"3,207,211,700",91,3,3,3,1,1,0,1,4,1,0,0,0,2
267,7,8,24,34,36,41,1,3,"3,257,663,300",150,2,4,2,0,1,2,1,4,1,0,0,0,2
268,3,10,19,24,32,45,12,7,"1,350,954,515",133,3,3,2,1,1,1,1,5,0,0,0,0,1
269,5,18,20,36,42,43,32,5,"1,961,399,940",164,2,4,1,2,0,1,2,4,1,0,0,0,1
270,5,9,12,20,21,26,27,5,"1,927,830,060",93,3,3,2,2,2,0,0,3,1,0,0,0,1
271,3,8,9,27,29,40,36,6,"1,565,918,150",116,4,2,3,0,2,1,0,3,1,0,0,0,2
272,7,9,12,27,39,43,28,9,"1,104,622,800",137,5,1,2,1,1,1,1,5,0,0,0,0,2
273,1,8,24,31,34,44,6,3,"3,339,543,100",142,2,4,2,0,1,2,1,4,0,0,0,0,3
274,13,14,15,26,35,39,25,4,"2,505,085,575",142,4,2,0,3,1,2,0,3,0,1,0,0,2
275,14,19,20,35,38,40,26,1,"10,044,066,900",166,2,4,0,3,0,3,0,2,1,0,0,0,2
276,4,15,21,33,39,41,25,3,"3,312,569,000",153,5,1,1,1,1,2,1,5,0,0,0,0,2
277,10,12,13,15,25,29,20,3,"3,272,627,800",104,4,2,1,3,2,0,0,3,1,0,0,0,2
278,3,11,37,39,41,43,13,3,"3,186,530,000",174,6,0,1,1,0,2,2,4,0,0,0,0,2
279,7,16,31,36,37,38,11,5,"1,914,205,320",165,3,3,1,1,0,4,0,3,0,1,0,0,2
280,10,11,23,24,36,37,35,7,"1,355,258,529",141,3,3,1,1,2,2,0,4,1,0,0,0,1
281,1,3,4,6,14,41,12,6,"1,554,683,200",69,3,3,4,1,0,0,1,3,1,0,0,0,2
282,2,5,10,18,31,32,30,7,"1,322,052,643",98,2,4,3,1,0,2,0,3,1,0,0,0,2
283,6,8,18,31,38,45,42,3,"3,137,224,600",146,2,4,2,1,0,2,1,4,0,0,0,0,3
284,2,7,15,24,30,45,28,3,"3,117,640,300",123,3,3,2,1,2,0,1,4,0,0,0,0,2
285,13,33,37,40,41,45,2,3,"3,164,370,100",209,5,1,0,1,0,3,2,3,1,0,0,0,2
286,1,15,19,40,42,44,17,3,"3,236,566,300",161,3,3,1,2,0,1,2,4,0,0,0,0,1
287,6,12,24,27,35,37,41,7,"1,328,657,100",141,3,3,1,1,2,2,0,4,0,0,0,0,2
288,1,12,17,28,35,41,10,4,"2,357,261,550",134,4,2,1,2,1,1,1,5,0,0,0,0,2
289,3,14,33,37,38,42,10,0,0,167,3,3,1,1,0,3,1,4,1,0,0,0,2
290,8,13,18,32,39,45,7,13,"2,149,214,424",155,3,3,1,2,0,2,1,4,0,0,0,0,2
291,3,7,8,18,20,42,45,7,"1,450,585,200",98,2,4,3,2,0,0,1,3,1,0,0,0,2
292,17,18,31,32,33,34,10,14,"720,373,950",165,3,3,0,2,0,4,0,2,0,0,1,0,1
293,1,9,17,21,29,33,24,6,"1,656,764,400",110,6,0,2,1,2,1,0,4,0,0,0,0,2
294,6,10,17,30,37,38,40,4,"2,406,504,975",138,2,4,2,1,1,2,0,4,1,0,0,0,2
295,1,4,12,16,18,38,8,0,0,89,1,5,2,3,0,1,0,3,0,0,0,0,2
296,3,8,15,27,30,45,44,8,"3,066,088,275",128,4,2,2,1,2,0,1,4,0,0,0,0,2
297,6,11,19,20,28,32,34,2,"5,056,668,750",116,2,4,1,3,1,1,0,4,1,0,0,0,1
298,5,9,27,29,37,40,19,1,"9,909,778,500",147,5,1,2,0,2,2,0,3,0,0,0,0,2
299,1,3,20,25,36,45,24,7,"1,483,772,529",130,4,2,2,1,1,1,1,5,0,0,0,0,2
300,7,9,10,12,26,38,39,12,"836,092,425",102,2,4,3,1,1,1,0,4,1,0,0,0,1
301,7,11,13,33,37,43,26,7,"1,447,385,015",144,6,0,1,2,0,2,1,4,0,0,0,0,3
302,13,19,20,32,38,42,4,2,"5,472,167,250",164,2,4,0,3,0,2,1,3,1,0,0,0,2
303,2,14,17,30,38,45,43,6,"1,672,749,000",146,2,4,1,2,1,1,1,5,0,0,0,0,1
304,4,10,16,26,33,41,38,6,"1,661,646,150",130,2,4,2,1,1,1,1,5,0,0,0,0,2
305,7,8,18,21,23,39,9,5,"2,008,210,140",116,4,2,2,1,2,1,0,4,1,0,0,0,2
306,4,18,23,30,34,41,19,5,"2,102,669,520",150,2,4,1,1,2,1,1,5,0,0,0,0,2
307,5,15,21,23,25,45,12,4,"2,587,643,250",134,6,0,1,1,3,0,1,4,0,0,0,0,4
308,14,15,17,19,37,45,40,1,"10,232,872,800",147,5,1,0,4,0,1,1,3,1,0,0,0,2
309,1,2,5,11,18,36,22,11,"901,622,946",73,3,3,3,2,0,1,0,3,1,0,0,0,2
310,1,5,19,28,34,41,16,8,"1,296,713,325",128,4,2,2,1,1,1,1,5,0,0,0,0,2
311,4,12,24,27,28,32,10,8,"1,237,691,063",127,1,5,1,1,3,1,0,4,1,0,0,0,2
312,2,3,5,6,12,20,25,15,"629,017,820",48,2,4,4,2,0,0,0,2,1,0,0,0,2
313,9,17,34,35,43,45,2,6,"1,715,422,800",183,5,1,1,1,0,2,2,4,1,0,0,0,2
314,15,17,19,34,38,41,2,6,"1,660,512,200",164,4,2,0,3,0,2,1,3,0,0,0,0,1
315,1,13,33,35,43,45,23,8,"1,308,728,625",170,6,0,1,1,0,2,2,4,0,0,0,0,3
316,10,11,21,27,31,39,43,6,"1,673,586,400",139,5,1,1,1,2,2,0,4,1,0,0,0,3
317,3,10,11,22,36,39,8,4,"2,576,258,550",121,3,3,2,1,1,2,0,4,1,0,0,0,1
318,2,17,19,20,34,45,21,9,"1,207,436,600",137,3,3,1,3,0,1,1,4,1,0,0,0,1
319,5,8,22,28,33,42,37,5,"2,135,659,380",138,2,4,2,0,2,1,1,4,0,0,0,0,2
320,16,19,23,25,41,45,3,2,"5,513,067,900",169,5,1,0,2,2,0,2,3,0,0,0,0,2
321,12,18,20,21,25,34,42,6,"1,959,136,100",130,2,4,0,3,2,1,0,3,1,0,0,0,1
322,9,18,29,32,38,43,20,6,"1,904,544,700",169,3,3,1,1,1,2,1,5,0,0,0,0,2
323,10,14,15,32,36,42,3,8,"1,461,025,388",149,1,5,1,2,0,2,1,4,1,0,0,0,2
324,2,4,21,25,33,36,17,6,"1,865,130,350",121,3,3,2,0,2,2,0,3,0,0,0,0,1
325,7,17,20,32,44,45,33,6,"1,806,122,450",165,3,3,1,2,0,1,2,4,1,0,0,0,2
326,16,23,25,33,36,39,40,6,"1,832,134,550",172,4,2,0,1,2,3,0,3,0,0,0,0,2
327,6,12,13,17,32,44,24,12,"882,674,750",124,2,4,1,3,0,1,1,4,1,0,0,0,2
328,1,6,9,16,17,28,24,6,"1,819,795,900",77,3,3,3,2,1,0,0,3,1,0,0,0,2
329,9,17,19,30,35,42,4,6,"1,830,391,200",152,4,2,1,2,1,1,1,5,0,0,0,0,2
330,3,4,16,17,19,20,23,9,"1,162,280,200",79,3,3,2,4,0,0,0,2,1,0,0,0,1
331,4,9,14,26,31,44,39,5,"2,165,902,620",128,2,4,2,1,1,1,1,5,0,0,0,0,3
332,16,17,34,36,42,45,3,8,"1,359,448,388",190,2,4,0,2,0,2,2,3,1,0,0,0,2
333,5,14,27,30,39,43,35,7,"1,550,987,143",158,4,2,1,1,2,1,1,5,0,0,0,0,1
334,13,15,21,29,39,43,33,7,"1,523,002,972",160,6,0,0,2,2,1,1,4,0,0,0,0,2
335,5,9,16,23,26,45,21,5,"2,037,492,480",124,4,2,2,1,2,0,1,4,0,0,0,0,2
336,3,5,20,34,35,44,16,6,"1,685,632,650",141,3,3,2,1,0,2,1,4,1,0,0,0,2
337,1,5,14,18,32,37,4,8,"1,257,500,513",107,3,3,2,2,0,2,0,3,0,0,0,0,1
338,2,13,34,38,42,45,16,3,"3,383,431,000",174,2,4,1,1,0,2,2,4,0,0,0,0,2
339,6,8,14,21,30,37,45,9,"1,096,778,334",116,2,4,2,1,2,1,0,4,0,0,0,0,1
340,18,24,26,29,34,38,32,7,"1,439,393,186",169,1,5,0,1,3,2,0,3,0,0,0,0,2
341,1,8,19,34,39,43,41,7,"1,497,207,772",144,4,2,2,1,0,2,1,4,0,0,0,0,2
342,1,13,14,33,34,43,25,3,"3,454,095,800",138,4,2,1,2,0,2,1,4,1,0,0,0,3
343,1,10,17,29,31,43,15,6,"1,717,153,000",131,5,1,2,1,1,1,1,5,0,0,0,0,2
344,1,2,15,28,34,45,38,7,"1,467,106,543",125,3,3,2,1,1,1,1,5,1,0,0,0,2
345,15,20,23,29,39,42,2,2,"5,203,577,550",168,4,2,0,2,2,1,1,4,0,0,0,0,2
346,5,13,14,22,44,45,33,5,"2,017,727,340",143,3,3,1,2,1,0,2,4,1,0,0,0,2
347,3,8,13,27,32,42,10,7,"1,456,624,286",125,3,3,2,1,1,1,1,5,0,0,0,0,2
348,3,14,17,20,24,31,34,3,"3,299,994,000",109,3,3,1,3,1,1,0,4,0,0,0,0,2
349,5,13,14,20,24,25,36,3,"3,353,209,000",101,3,3,1,3,2,0,0,3,1,0,0,0,2
350,1,8,18,24,29,33,35,9,"1,101,052,467",113,3,3,2,1,2,1,0,4,0,0,0,0,2
351,5,25,27,29,34,36,33,4,"2,583,357,150",156,4,2,1,0,3,2,0,3,0,0,0,0,2
352,5,16,17,20,26,41,24,6,"1,732,858,250",125,3,3,1,3,1,0,1,4,1,0,0,0,2
353,11,16,19,22,29,36,26,2,"5,290,838,250",133,3,3,0,3,2,1,0,3,0,0,0,0,2
354,14,19,36,43,44,45,1,5,"2,124,464,340",201,3,3,0,2,0,1,3,3,0,1,0,0,2
355,5,8,29,30,35,44,38,5,"2,145,424,800",151,3,3,2,0,2,1,1,4,1,0,0,0,2
356,2,8,14,25,29,45,24,9,"1,157,185,267",123,3,3,2,1,2,0,1,4,0,0,0,0,2
357,10,14,18,21,36,37,5,2,"5,313,394,350",136,2,4,1,2,1,2,0,4,1,0,0,0,1
358,1,9,10,12,21,40,37,3,"3,472,654,900",93,3,3,3,1,1,1,0,4,1,0,0,0,2
359,1,10,19,20,24,40,23,8,"1,286,712,600",114,2,4,2,2,1,1,0,4,1,0,0,0,3
360,4,16,23,25,35,40,27,3,"3,566,716,200",143,3,3,1,1,2,2,0,4,0,0,0,0,2
361,5,10,16,24,27,35,33,7,"1,473,115,115",117,3,3,2,1,2,1,0,4,0,0,0,0,2
362,2,3,22,27,30,40,29,6,"1,729,424,650",124,2,4,2,0,3,1,0,3,1,0,0,0,2
363,11,12,14,21,32,38,6,4,"2,615,910,600",128,2,4,0,3,1,2,0,3,1,0,0,0,2
364,2,5,7,14,16,40,4,4,"2,531,914,800",84,2,4,3,2,0,1,0,3,0,0,0,0,1
365,5,15,21,25,26,30,31,1,"10,697,716,800",122,4,2,1,1,4,0,0,3,1,0,0,0,3
366,5,12,19,26,27,44,38,2,"5,351,553,900",133,3,3,1,2,2,0,1,4,1,0,0,0,1
367,3,22,25,29,32,44,19,7,"1,581,736,586",155,3,3,1,0,3,1,1,4,0,0,0,0,2
368,11,21,24,30,39,45,26,7,"1,465,825,115",170,4,2,0,1,3,1,1,4,0,0,0,0,2
369,17,20,35,36,41,43,21,6,"1,842,177,750",192,4,2,0,2,0,2,2,3,1,0,0,0,1
370,16,18,24,42,44,45,17,7,"1,678,941,943",189,1,5,0,2,1,0,3,3,1,0,0,0,2
371,7,9,15,26,27,42,18,7,"1,524,130,543",126,4,2,2,1,2,0,1,4,1,0,0,0,2
372,8,11,14,16,18,21,13,9,"1,192,593,200",88,2,4,1,4,1,0,0,3,0,0,0,0,2
373,15,26,37,42,43,45,9,4,"2,791,801,125",208,4,2,0,1,1,1,3,4,1,0,0,0,2
374,11,13,15,17,25,34,26,2,"5,528,717,850",115,5,1,0,4,1,1,0,3,0,0,0,0,2
375,4,8,19,25,27,45,7,7,"1,581,284,058",128,4,2,2,1,2,0,1,4,0,0,0,0,2
376,1,11,13,24,28,40,7,6,"1,956,915,800",117,3,3,1,2,2,1,0,4,0,0,0,0,2
377,6,22,29,37,43,45,23,3,"3,912,085,400",182,4,2,1,0,2,1,2,4,0,0,0,0,1
378,5,22,29,31,34,39,43,5,"2,317,698,240",160,4,2,1,0,2,3,0,3,0,0,0,0,2
379,6,10,22,31,35,40,19,7,"1,598,999,786",144,2,4,2,0,1,3,0,3,0,0,0,0,2
380,1,2,8,17,26,37,27,4,"2,684,274,825",91,3,3,3,1,1,1,0,4,1,0,0,0,2
381,1,5,10,12,16,20,11,19,"565,738,895",64,2,4,3,3,0,0,0,2,0,0,0,0,2
382,10,15,22,24,27,42,19,6,"1,846,674,900",140,2,4,1,1,3,0,1,4,0,0,0,0,2
383,4,15,28,33,37,40,25,3,"3,596,522,100",157,3,3,1,1,1,3,0,4,0,0,0,0,1
384,11,22,24,32,36,38,7,3,"3,658,734,200",163,1,5,0,1,2,3,0,3,0,0,0,0,2
385,7,12,19,21,29,32,9,7,"1,542,032,700",120,4,2,1,2,2,1,0,4,0,0,0,0,2
386,4,7,10,19,31,40,26,10,"1,042,953,330",111,3,3,3,1,0,2,0,3,0,0,0,0,2
387,1,26,31,34,40,43,20,4,"2,675,533,500",175,3,3,1,0,1,3,1,4,0,0,0,0,2
388,1,8,9,17,29,32,45,4,"2,545,543,875",96,4,2,3,1,1,1,0,4,1,0,0,0,2
389,7,16,18,20,23,26,3,5,"2,119,027,020",110,2,4,1,3,2,0,0,3,0,0,0,0,2
390,16,17,28,37,39,40,15,1,"10,373,997,900",177,3,3,0,2,1,3,0,3,1,0,0,0,2
391,10,11,18,22,28,39,30,1,"10,508,749,800",128,2,4,1,2,2,1,0,4,1,0,0,0,2
392,1,3,7,8,24,42,43,6,"1,713,528,700",85,3,3,4,0,1,0,1,3,1,0,0,0,1
393,9,16,28,40,41,43,21,8,"1,362,003,975",177,3,3,1,1,1,1,2,5,1,0,0,0,1
394,1,13,20,22,25,28,15,1,"10,654,349,100",109,3,3,1,2,3,0,0,3,0,0,0,0,1
395,11,15,20,26,31,35,7,7,"1,534,635,000",138,4,2,0,3,1,2,0,3,0,0,0,0,2
396,18,20,31,34,40,45,30,2,"5,296,622,400",188,2,4,0,2,0,3,1,3,0,0,0,0,2
397,12,13,17,22,25,33,8,3,"3,499,519,700",122,4,2,0,3,2,1,0,3,1,0,0,0,2
398,10,15,20,23,42,44,7,4,"2,680,625,550",154,2,4,1,2,1,0,2,4,0,0,0,0,2
399,1,2,9,17,19,42,20,8,"1,276,854,975",90,4,2,3,2,0,0,1,3,1,0,0,0,2
400,9,21,27,34,41,43,2,4,"2,669,834,325",175,5,1,1,0,2,1,2,4,0,0,0,0,2
401,6,12,18,31,38,43,9,9,"1,168,214,792",148,2,4,1,2,0,2,1,4,0,0,0,0,2
402,5,9,15,19,22,36,32,4,"2,662,206,188",106,4,2,2,2,1,1,0,4,0,0,0,0,2
403,10,14,22,24,28,37,26,5,"2,122,396,875",135,1,5,1,1,3,1,0,4,0,0,0,0,2
404,5,20,21,24,33,40,36,3,"3,566,659,375",143,3,3,1,1,2,2,0,4,1,0,0,0,2
405,1,2,10,25,26,44,4,3,"3,543,878,000",108,2,4,3,0,2,0,1,3,1,0,0,0,1
406,7,12,21,24,27,36,45,5,"2,156,142,450",127,3,3,1,1,3,1,0,4,0,0,0,0,2
407,6,7,13,16,24,25,1,7,"1,649,707,286",91,3,3,2,2,2,0,0,3,1,0,0,0,2
408,9,20,21,22,30,37,16,5,"2,235,375,825",139,3,3,1,1,3,1,0,4,0,1,0,0,2
409,6,9,21,31,32,40,38,4,"2,896,989,750",139,3,3,2,0,1,3,0,3,1,0,0,0,2
410,1,3,18,32,40,41,16,9,"1,249,335,709",135,3,3,2,1,0,2,1,4,1,0,0,0,2
411,11,14,22,35,37,39,5,12,"953,227,563",158,4,2,0,2,1,3,0,3,0,0,0,0,1
412,4,7,39,41,42,45,40,7,"1,656,199,822",178,4,2,2,0,0,1,3,3,1,0,0,0,1
413,2,9,15,23,34,40,3,4,"2,814,673,500",123,3,3,2,1,1,2,0,4,0,0,0,0,1
414,2,14,15,22,23,44,43,1,"11,703,832,500",120,2,4,1,2,2,0,1,4,1,0,0,0,2
415,7,17,20,26,30,40,24,8,"1,334,182,407",140,2,4,1,2,2,1,0,4,0,0,0,0,3
416,5,6,8,11,22,26,44,10,"1,072,037,100",78,2,4,3,1,2,0,0,3,1,0,0,0,2
417,4,5,14,20,22,43,44,4,"2,818,329,938",108,2,4,2,2,1,0,1,4,1,0,0,0,2
418,11,13,15,26,28,34,31,8,"1,435,649,766",127,3,3,0,3,2,1,0,3,0,0,0,0,1
419,2,11,13,14,28,30,7,3,"3,796,490,750",98,2,4,1,3,2,0,0,3,1,0,0,0,1
420,4,9,10,29,31,34,27,8,"1,424,856,375",117,3,3,3,0,1,2,0,3,1,0,0,0,2
421,6,11,26,27,28,44,30,5,"2,321,144,325",142,2,4,1,1,3,0,1,4,0,1,0,0,2
422,8,15,19,21,34,44,12,6,"2,205,251,375",141,3,3,1,2,1,1,1,5,0,0,0,0,2
423,1,17,27,28,29,40,5,3,"3,896,153,875",142,4,2,1,1,3,1,0,4,0,1,0,0,2
424,10,11,26,31,34,44,30,10,"1,109,480,813",156,2,4,1,1,1,2,1,5,1,0,0,0,2
425,8,10,14,27,33,38,3,8,"1,534,833,000",130,2,4,2,1,1,2,0,4,0,0,0,0,2
426,4,17,18,27,39,43,19,4,"3,057,233,625",148,4,2,1,2,1,1,1,5,1,0,0,0,2
427,6,7,15,24,28,30,21,1,"12,571,445,625",110,2,4,2,1,3,0,0,3,1,0,0,0,1
428,12,16,19,22,37,40,8,9,"1,437,683,209",146,2,4,0,3,1,2,0,3,0,0,0,0,2
429,3,23,28,34,39,42,16,9,"1,485,904,709",169,3,3,1,0,2,2,1,4,0,0,0,0,2
430,1,3,16,18,30,34,44,8,"1,611,763,219",102,2,4,2,2,1,1,0,4,0,0,0,0,1
431,18,22,25,31,38,45,6,10,"1,268,434,013",179,3,3,0,1,2,2,1,4,0,0,0,0,2
432,2,3,5,11,27,39,33,5,"2,299,427,550",87,5,1,3,1,1,1,0,4,1,0,0,0,1
433,19,23,29,33,35,43,27,11,"1,182,294,410",182,6,0,0,1,2,2,1,4,0,0,0,0,3
434,3,13,20,24,33,37,35,8,"1,480,060,266",130,4,2,1,2,1,2,0,4,0,0,0,0,3
435,8,16,26,30,38,45,42,10,"1,287,550,013",163,1,5,1,1,2,1,1,5,0,0,0,0,2
436,9,14,20,22,33,34,28,8,"1,512,266,579",132,2,4,1,2,1,2,0,4,1,0,0,0,2
437,11,16,29,38,41,44,21,6,"2,096,245,438",179,3,3,0,2,1,1,2,4,0,0,0,0,2
438,6,12,20,26,29,38,45,9,"1,377,142,167",131,1,5,1,2,2,1,0,4,0,0,0,0,2
439,17,20,30,31,37,40,25,6,"1,900,077,375",175,3,3,0,2,1,3,0,3,1,0,0,0,3
440,10,22,28,34,36,44,2,6,"1,995,873,000",174,0,6,1,0,2,2,1,4,0,0,0,0,2
441,1,23,28,30,34,35,9,4,"3,170,417,063",151,3,3,1,0,3,2,0,3,1,0,0,0,1
442,25,27,29,36,38,40,41,9,"1,413,413,042",195,3,3,0,0,3,3,0,2,0,0,0,0,1
443,4,6,10,19,20,44,14,9,"1,327,597,584",103,1,5,3,2,0,0,1,3,1,0,0,0,2
444,11,13,23,35,43,45,17,3,"4,154,188,625",170,6,0,0,2,1,1,2,4,0,0,0,0,3
445,13,20,21,30,39,45,32,7,"1,791,683,036",168,4,2,0,2,2,1,1,4,1,0,0,0,2
446,1,11,12,14,26,35,6,3,"4,051,247,625",99,3,3,1,3,1,1,0,4,1,0,0,0,2
447,2,7,8,9,17,33,34,4,"2,657,941,125",76,4,2,4,1,0,1,0,3,0,1,0,0,2
448,3,7,13,27,40,41,36,3,"4,026,212,750",131,5,1,2,1,1,1,1,5,1,0,0,0,2
449,3,10,20,26,35,43,36,3,"4,059,715,250",137,3,3,2,1,1,1,1,5,0,0,0,0,2
450,6,14,19,21,23,31,13,6,"1,990,391,625",114,4,2,1,2,2,1,0,4,0,0,0,0,2
451,12,15,20,24,30,38,29,13,"882,138,952",139,1,5,0,3,2,1,0,3,0,0,0,0,2
452,8,10,18,30,32,34,27,9,"1,276,902,000",132,0,6,2,1,1,2,0,4,0,0,0,0,2
453,12,24,33,38,40,42,30,5,"2,262,732,375",189,1,5,0,1,1,3,1,4,0,0,0,0,2
454,13,25,27,34,38,41,10,7,"1,609,125,590",178,4,2,0,1,2,2,1,4,0,0,0,0,1
455,4,19,20,26,30,35,24,7,"1,635,711,483",134,2,4,1,2,2,1,0,4,1,0,0,0,2
456,1,7,12,18,23,27,44,7,"1,598,505,054",88,4,2,2,2,2,0,0,3,0,0,0,0,2
457,8,10,18,23,27,40,33,10,"1,159,902,825",126,2,4,2,1,2,1,0,4,0,0,0,0,2
458,4,9,10,32,36,40,18,8,"1,608,812,625",131,1,5,3,0,0,3,0,2,1,0,0,0,2
459,4,6,10,14,25,40,12,7,"1,655,842,233",99,1,5,3,1,1,1,0,4,0,0,0,0,2
460,8,11,28,30,43,45,41,4,"3,180,895,782",165,3,3,1,1,2,0,2,4,0,0,0,0,2
461,11,18,26,31,37,40,43,6,"1,948,674,875",163,3,3,0,2,1,3,0,3,0,0,0,0,2
462,3,20,24,32,37,45,4,8,"1,483,559,297",161,3,3,1,1,1,2,1,5,0,0,0,0,1
463,23,29,31,33,34,44,40,0,0,194,4,2,0,0,2,3,1,3,1,0,0,0,2
464,6,12,15,34,42,44,4,13,"3,355,721,106",153,1,5,1,2,0,1,2,4,0,0,0,0,2
465,1,8,11,13,22,38,31,7,"1,923,662,893",93,3,3,2,2,1,1,0,4,0,0,0,0,2
466,4,10,13,23,32,44,20,9,"1,530,313,459",126,2,4,2,1,1,1,1,5,0,0,0,0,2
467,2,12,14,17,24,40,39,9,"1,435,441,084",109,1,5,1,3,1,1,0,4,0,0,0,0,2
468,8,13,15,28,37,43,17,9,"1,527,197,167",144,4,2,1,2,1,1,1,5,0,0,0,0,2
469,4,21,22,34,37,38,33,4,"3,330,131,250",156,2,4,1,0,2,3,0,3,1,0,0,0,2
470,10,16,20,39,41,42,27,3,"4,333,330,625",168,2,4,1,2,0,1,2,4,1,0,0,0,2
471,6,13,29,37,39,41,43,7,"1,939,332,858",165,5,1,1,1,1,2,1,5,0,0,0,0,2
472,16,25,26,31,36,43,44,7,"1,809,656,090",177,3,3,0,1,2,2,1,4,1,0,0,0,3
473,8,13,20,22,23,36,34,4,"3,250,418,063",122,2,4,1,2,2,1,0,4,1,0,0,0,2
474,4,13,18,31,33,45,43,15,"936,690,800",144,4,2,1,2,0,2,1,4,0,0,0,0,2
475,1,9,14,16,21,29,3,8,"1,693,923,047",90,4,2,2,2,2,0,0,3,0,0,0,0,2
476,9,12,13,15,37,38,27,4,"3,439,851,469",124,4,2,1,3,0,2,0,3,1,0,0,0,1
477,14,25,29,32,33,45,37,8,"1,919,011,829",178,4,2,0,1,2,2,1,4,1,0,0,0,2
478,18,29,30,37,39,43,8,14,"987,224,759",196,4,2,0,1,2,2,1,4,1,0,0,0,2
479,8,23,25,27,35,44,24,6,"2,233,046,500",162,4,2,1,0,3,1,1,4,0,0,0,0,2
480,3,5,10,17,30,31,16,4,"2,996,742,282",96,4,2,3,1,1,1,0,4,1,0,0,0,2
481,3,4,23,29,40,41,20,3,"4,639,355,750",140,4,2,2,0,2,1,1,4,1,0,0,0,2
482,1,10,16,24,25,35,43,7,"1,897,921,179",111,3,3,2,1,2,1,0,4,1,0,0,0,2
483,12,15,19,22,28,34,5,5,"2,567,196,675",130,2,4,0,3,2,1,0,3,0,0,0,0,2
484,1,3,27,28,32,45,11,6,"2,305,303,063",136,4,2,2,0,2,1,1,4,1,0,0,0,1
485,17,22,26,27,36,39,20,9,"1,501,474,917",167,3,3,0,1,3,2,0,3,1,0,0,0,2
486,1,2,23,25,38,40,43,13,"1,008,634,125",129,3,3,2,0,2,2,0,3,1,0,0,0,1
487,4,8,25,27,37,41,21,8,"1,638,830,766",142,4,2,2,0,2,1,1,4,0,0,0,0,2
488,2,8,17,30,31,38,25,10,"1,330,393,575",126,2,4,2,1,1,2,0,4,1,0,0,0,2
489,2,4,8,15,20,27,11,6,"2,106,360,625",76,2,4,3,2,1,0,0,3,0,0,0,0,1
490,2,7,26,29,40,43,42,7,"1,860,234,161",147,3,3,2,0,2,1,1,4,0,0,0,0,1
491,8,17,35,36,39,42,4,4,"3,304,634,438",177,3,3,1,1,0,3,1,4,1,0,0,0,1
492,22,27,31,35,37,40,42,5,"2,493,013,800",192,4,2,0,0,2,4,0,2,0,0,0,0,2
493,20,22,26,33,36,37,25,9,"1,451,120,334",174,2,4,0,1,2,3,0,3,1,0,0,0,2
494,5,7,8,15,30,43,22,12,"1,054,588,407",108,4,2,3,1,1,0,1,4,1,0,0,0,2
495,4,13,22,27,34,44,6,6,"2,111,645,000",144,2,4,1,1,2,1,1,5,0,0,0,0,3
496,4,13,20,29,36,41,39,4,"3,285,932,250",143,3,3,1,2,1,1,1,5,0,0,0,0,1
497,19,20,23,24,43,44,13,6,"2,222,817,813",173,3,3,0,2,2,0,2,3,1,0,0,0,2
498,13,14,24,32,39,41,3,4,"3,244,503,094",163,3,3,0,2,1,2,1,4,1,0,0,0,2
499,5,20,23,27,35,40,43,3,"4,070,480,250",150,4,2,1,1,2,2,0,4,0,0,0,0,2
500,3,4,12,20,24,34,41,9,"1,351,072,375",97,1,5,2,2,1,1,0,4,1,0,0,0,3
501,1,4,10,17,31,42,2,4,"3,025,200,094",105,3,3,3,1,0,1,1,4,0,0,0,0,2
502,6,22,28,32,34,40,26,6,"2,201,458,125",162,0,6,1,0,2,3,0,3,0,0,0,0,2
503,1,5,27,30,34,36,40,7,"1,853,634,911",133,3,3,2,0,2,2,0,3,0,0,0,0,1
504,6,14,22,26,43,44,31,9,"1,443,236,959",155,1,5,1,1,2,0,2,4,1,0,0,0,2
505,7,20,22,25,38,40,44,6,"1,917,955,188",152,2,4,1,1,2,2,0,4,0,0,0,0,2
506,6,9,11,22,24,30,31,3,"4,073,333,875",102,2,4,2,1,3,0,0,3,0,0,0,0,1
507,12,13,32,33,40,41,4,9,"1,416,438,875",171,3,3,0,2,0,3,1,3,1,0,0,0,2
508,5,27,31,34,35,43,37,8,"1,599,557,860",175,5,1,1,0,1,3,1,4,1,0,0,0,2
509,12,25,29,35,42,43,24,5,"2,689,076,100",186,4,2,0,1,2,1,2,4,1,0,0,0,2
510,12,29,32,33,39,40,42,5,"2,644,158,150",185,3,3,0,1,1,4,0,3,1,0,0,0,2
511,3,7,14,23,26,42,24,6,"2,165,579,250",115,3,3,2,1,2,0,1,4,0,0,0,0,2
512,4,5,9,13,26,27,1,13,"940,094,452",84,4,2,3,1,2,0,0,3,1,0,0,0,1
513,5,8,21,23,27,33,12,3,"4,589,624,750",117,5,1,2,0,3,1,0,3,0,0,0,0,2
514,1,15,20,26,35,42,9,3,"4,451,055,500",139,3,3,1,2,1,1,1,5,0,0,0,0,2
515,2,11,12,15,23,37,8,1,"13,200,466,875",100,4,2,1,3,1,1,0,4,1,0,0,0,2
516,2,8,23,41,43,44,30,11,"1,294,190,182",161,3,3,2,0,1,0,3,3,1,0,0,0,2
517,1,9,12,28,36,41,10,5,"2,659,057,725",127,3,3,2,1,1,1,1,5,0,0,0,0,2
518,14,23,30,32,34,38,6,6,"2,263,804,125",171,1,5,0,1,2,3,0,3,0,0,0,0,2
519,6,8,13,16,30,43,3,7,"1,950,601,393",116,2,4,2,2,1,0,1,4,0,0,0,0,2
520,4,22,27,28,38,40,1,6,"2,167,205,438",159,1,5,1,0,3,2,0,3,1,0,0,0,2
521,3,7,18,29,32,36,19,8,"1,693,420,922",125,3,3,2,1,1,2,0,4,0,0,0,0,1
522,4,5,13,14,37,41,11,6,"2,281,623,000",114,4,2,2,2,0,1,1,4,1,0,0,0,2
523,1,4,37,38,40,45,7,7,"1,780,355,840",165,3,3,2,0,0,3,1,3,1,0,0,0,1
524,10,11,29,38,41,45,21,4,"3,491,695,594",174,4,2,1,1,1,1,2,5,1,0,0,0,2
525,11,23,26,29,39,44,22,9,"1,501,132,375",172,4,2,0,1,3,1,1,4,0,0,0,0,2
526,7,14,17,20,35,39,31,9,"1,491,031,959",132,4,2,1,3,0,2,0,3,0,0,0,0,2
527,1,12,22,32,33,42,38,13,"1,032,386,366",142,2,4,1,1,1,2,1,5,1,0,0,0,4
528,5,17,25,31,39,40,10,11,"1,197,889,125",157,5,1,1,1,1,3,0,4,1,0,0,0,2
529,18,20,24,27,31,42,39,8,"1,749,114,797",162,2,4,0,2,2,1,1,4,0,0,0,0,1
530,16,23,27,29,33,41,22,11,"1,231,656,239",169,5,1,0,1,3,1,1,4,0,0,0,0,2
531,1,5,9,21,27,35,45,9,"1,521,519,750",98,6,0,3,0,2,1,0,3,0,0,0,0,2
532,16,17,23,24,29,44,3,7,"2,216,896,286",153,3,3,0,2,3,0,1,3,1,0,0,0,2
533,9,14,15,17,31,33,23,8,"1,785,671,579",119,5,1,1,3,0,2,0,3,1,0,0,0,1
534,10,24,26,29,37,38,32,1,"14,215,763,250",164,2,4,1,0,3,2,0,3,1,0,0,0,1
535,11,12,14,15,18,39,34,3,"4,935,603,000",109,3,3,0,5,0,1,0,2,1,0,0,0,1
536,7,8,18,32,37,43,12,11,"1,308,523,603",145,3,3,2,1,0,2,1,4,1,0,0,0,2
537,12,23,26,30,36,43,11,7,"2,104,038,911",170,2,4,0,1,3,1,1,4,0,0,0,0,2
538,6,10,18,31,32,34,11,3,"4,688,021,625",131,1,5,2,1,0,3,0,3,1,0,0,0,1
539,3,19,22,31,42,43,26,9,"1,621,036,667",160,4,2,1,1,1,1,2,5,1,0,0,0,2
540,3,12,13,15,34,36,14,7,"1,989,365,250",113,3,3,1,3,0,2,0,3,1,0,0,0,2
541,8,13,26,28,32,34,43,11,"1,269,327,171",141,1,5,1,1,2,2,0,4,0,0,0,0,2
542,5,6,19,26,41,45,34,6,"2,335,152,563",142,4,2,2,1,1,0,2,4,1,0,0,0,2
543,13,18,26,31,34,44,12,12,"1,112,934,844",166,2,4,0,2,1,2,1,4,0,0,0,0,2
544,5,17,21,25,36,44,10,13,"1,046,388,433",148,4,2,1,1,2,1,1,5,0,0,0,0,2
545,4,24,25,27,34,35,2,11,"1,198,994,353",149,3,3,1,0,3,2,0,3,1,0,0,0,3
546,8,17,20,27,37,43,6,30,"405,939,950",152,4,2,1,2,1,1,1,5,0,0,0,0,3
547,6,7,15,22,34,39,28,5,"2,838,444,450",123,3,3,2,1,1,2,0,4,1,0,0,0,1
548,1,12,13,21,32,45,14,8,"1,736,871,891",124,4,2,1,2,1,1,1,5,1,0,0,0,2
549,29,31,35,38,40,44,17,8,"1,760,805,047",217,3,3,0,0,1,4,1,3,0,0,0,0,1
550,1,7,14,20,34,37,41,11,"1,118,679,205",113,3,3,2,2,0,2,0,3,0,0,0,0,2
551,3,6,20,24,27,44,25,1,"13,526,973,750",124,2,4,2,1,2,0,1,4,0,0,0,0,2
552,1,10,20,32,35,40,43,10,"1,330,824,225",138,2,4,2,1,0,3,0,3,0,0,0,0,3
553,2,7,17,28,29,39,37,6,"2,249,631,438",122,4,2,2,1,2,1,0,4,1,0,0,0,2
554,13,14,17,32,41,42,6,2,"6,813,893,625",159,3,3,0,3,0,1,2,3,1,0,0,0,2
555,11,17,21,24,26,36,12,8,"1,711,027,360",135,3,3,0,2,3,1,0,3,0,0,0,0,2
556,12,20,23,28,30,44,43,7,"2,005,209,161",157,1,5,0,2,3,0,1,3,0,0,0,0,2
557,4,20,26,28,35,40,31,7,"1,888,069,286",153,1,5,1,1,2,2,0,4,0,0,0,0,2
558,12,15,19,26,40,43,29,10,"1,315,913,663",155,3,3,0,3,1,1,1,4,0,0,0,0,1
559,11,12,25,32,44,45,23,7,"1,926,145,608",169,3,3,0,2,1,1,2,4,1,0,0,0,2
560,1,4,20,23,29,45,28,7,"1,976,697,215",122,4,2,2,1,2,0,1,4,0,0,0,0,1
561,5,7,18,37,42,45,20,5,"2,753,712,225",154,4,2,2,1,0,1,2,4,0,0,0,0,2
562,4,11,13,17,20,31,33,11,"1,166,694,614",96,4,2,1,4,0,1,0,3,0,0,0,0,2
563,5,10,16,17,31,32,21,7,"1,932,735,643",111,3,3,2,2,0,2,0,3,1,0,0,0,1
564,14,19,25,26,27,34,2,7,"1,934,801,143",145,3,3,0,2,3,1,0,3,0,1,0,0,2
565,4,10,18,27,40,45,38,8,"1,742,064,469",144,2,4,2,1,1,1,1,5,0,0,0,0,2
566,4,5,6,25,26,43,41,4,"3,508,951,032",109,3,3,3,0,2,0,1,3,0,1,0,0,2
567,1,10,15,16,32,41,28,6,"2,318,659,438",115,3,3,2,2,0,1,1,4,1,0,0,0,2
568,1,3,17,20,31,44,40,10,"1,305,167,550",116,4,2,2,2,0,1,1,4,0,0,0,0,2
569,3,6,13,23,24,35,1,4,"3,467,925,188",104,4,2,2,1,2,1,0,4,1,0,0,0,3
570,1,12,26,27,29,33,42,9,"1,527,791,625",128,4,2,1,1,3,1,0,4,1,0,0,0,1
571,11,18,21,26,38,43,29,7,"1,966,538,465",157,3,3,0,2,2,1,1,4,0,0,0,0,2
572,3,13,18,33,37,45,1,8,"1,668,216,188",149,5,1,1,2,0,2,1,4,0,0,0,0,3
573,2,4,20,34,35,43,14,8,"1,645,691,766",138,2,4,2,1,0,2,1,4,1,0,0,0,2
574,14,15,16,19,25,43,2,2,"6,965,184,938",132,4,2,0,4,1,0,1,3,0,1,0,0,2
575,2,8,20,30,33,34,6,8,"1,699,267,875",127,1,5,2,1,1,2,0,4,1,0,0,0,2
576,10,11,15,25,35,41,13,3,"4,321,966,000",137,5,1,1,2,1,1,1,5,1,0,0,0,3
577,16,17,22,31,34,37,33,3,"4,484,438,375",157,3,3,0,2,1,3,0,3,1,0,0,0,2
578,5,12,14,32,34,42,16,5,"2,796,466,575",139,1,5,1,2,0,2,1,4,0,0,0,0,3
579,5,7,20,22,37,42,39,11,"1,396,068,444",133,3,3,2,1,1,1,1,5,0,0,0,0,2
580,5,7,9,11,32,35,33,7,"2,028,610,500",99,5,1,3,1,0,2,0,3,0,0,0,0,2
581,3,5,14,20,42,44,33,8,"1,844,554,547",128,2,4,2,2,0,0,2,3,0,0,0,0,2
582,2,12,14,33,40,41,25,4,"3,560,558,719",142,2,4,1,2,0,2,1,4,1,0,0,0,2
583,8,17,27,33,40,44,24,11,"1,341,848,353",169,3,3,1,1,1,2,1,5,0,0,0,0,2
584,7,18,30,39,40,41,36,3,"5,033,183,250",175,3,3,1,1,1,2,1,5,0,1,0,0,2
585,6,7,10,16,38,41,4,9,"1,620,546,334",118,2,4,3,1,0,1,1,4,1,0,0,0,2
586,2,7,12,15,21,34,5,8,"1,778,354,344",91,3,3,2,2,1,1,0,4,0,0,0,0,2
587,14,21,29,31,32,37,17,3,"4,974,577,375",164,4,2,0,1,2,3,0,3,1,0,0,0,2
588,2,8,15,22,25,41,30,5,"2,889,342,075",113,3,3,2,1,2,0,1,4,0,0,0,0,2
589,6,8,28,33,38,39,22,7,"2,136,877,983",152,2,4,2,0,1,3,0,3,1,0,0,0,3
590,20,30,36,38,41,45,23,7,"2,185,183,983",210,2,4,0,1,1,2,2,4,0,0,0,0,2
591,8,13,14,30,38,39,5,5,"2,964,676,200",142,2,4,1,2,1,2,0,4,1,0,0,0,2
592,2,5,6,13,28,44,43,6,"2,356,381,688",98,2,4,3,1,1,0,1,4,1,0,0,0,1
593,9,10,13,24,33,38,28,9,"1,532,833,500",127,3,3,2,1,1,2,0,4,1,0,0,0,2
594,2,8,13,25,28,37,3,11,"1,255,592,796",113,3,3,2,1,2,1,0,4,0,0,0,0,2
595,8,24,28,35,38,40,5,8,"1,744,525,219",173,1,5,1,0,2,3,0,3,0,0,0,0,3
596,3,4,12,14,25,43,17,10,"1,328,267,663",101,3,3,2,2,1,0,1,4,1,0,0,0,2
597,8,10,23,24,35,43,37,13,"1,057,920,606",143,3,3,2,0,2,1,1,4,1,0,0,0,2
598,4,12,24,33,38,45,22,16,"833,998,594",156,2,4,1,1,1,2,1,5,0,0,0,0,2
599,5,12,17,29,34,35,27,8,"1,710,918,329",132,4,2,1,2,1,2,0,4,1,0,0,0,2
600,5,11,14,27,29,36,44,15,"901,798,725",122,4,2,1,2,2,1,0,4,0,0,0,0,1
601,2,16,19,31,34,35,37,9,"1,524,565,209",137,3,3,1,2,0,3,0,3,1,0,0,0,1
602,13,14,22,27,30,38,2,8,"1,689,530,860",144,2,4,0,2,3,1,0,3,1,0,0,0,1
603,2,19,25,26,27,43,28,4,"3,452,136,563",142,4,2,1,1,3,0,1,4,0,1,0,0,1
604,2,6,18,21,33,34,30,11,"1,229,141,557",114,2,4,2,1,1,2,0,4,1,0,0,0,1
605,1,2,7,9,10,38,42,9,"1,394,232,250",67,3,3,5,0,0,1,0,2,1,0,0,0,1
606,1,5,6,14,20,39,22,10,"1,311,566,850",85,3,3,3,2,0,1,0,3,1,0,0,0,1
607,8,14,23,36,38,39,13,4,"3,494,480,907",158,2,4,1,1,1,3,0,4,1,0,0,0,2
608,4,8,18,19,39,44,41,7,"1,943,530,018",132,2,4,2,2,0,1,1,4,1,0,0,0,2
609,4,8,27,34,39,40,13,2,"6,339,311,438",152,2,4,2,0,1,3,0,3,1,0,0,0,2
610,14,18,20,23,28,36,33,4,"3,516,018,375",139,1,5,0,3,2,1,0,3,0,0,0,0,2
611,2,22,27,33,36,37,14,4,"3,502,706,157",157,3,3,1,0,2,3,0,3,1,0,0,0,2
612,6,9,18,19,25,33,40,11,"1,181,705,250",110,4,2,2,2,1,1,0,4,1,0,0,0,2
613,7,8,11,16,41,44,35,9,"1,549,831,209",127,3,3,2,2,0,0,2,3,1,0,0,0,2
614,8,21,25,39,40,44,18,6,"2,540,975,438",177,3,3,1,0,2,2,1,4,1,0,0,0,1
615,10,17,18,19,23,27,35,9,"1,535,062,417",114,4,2,1,3,2,0,0,3,0,1,0,0,2
616,5,13,18,23,40,45,3,9,"1,611,811,250",144,4,2,1,2,1,1,1,5,0,0,0,0,2
617,4,5,11,12,24,27,28,8,"1,629,701,860",83,3,3,2,2,2,0,0,3,1,0,0,0,2
618,8,16,25,30,42,43,15,5,"2,881,326,225",164,2,4,1,1,2,0,2,4,1,0,0,0,1
619,6,8,13,30,35,40,21,3,"4,612,479,375",132,2,4,2,1,1,2,0,4,0,0,0,0,2
620,2,16,17,32,39,45,40,7,"2,028,283,233",151,3,3,1,2,0,2,1,4,1,0,0,0,2
621,1,2,6,16,19,42,9,6,"2,359,723,500",86,2,4,3,2,0,0,1,3,1,0,0,0,2
622,9,15,16,21,28,34,24,9,"1,630,598,292",123,3,3,1,2,2,1,0,4,1,0,0,0,1
623,7,13,30,39,41,45,25,8,"1,813,702,594",175,5,1,1,1,1,1,2,5,0,0,0,0,1
624,1,7,19,26,27,35,16,5,"2,763,729,450",115,5,1,2,1,2,1,0,4,1,0,0,0,2
625,3,6,7,20,21,39,13,5,"2,765,184,675",96,4,2,3,1,1,1,0,4,1,0,0,0,1
626,13,14,26,33,40,43,15,8,"1,717,871,110",169,3,3,0,2,1,2,1,4,1,0,0,0,3
627,2,9,22,25,31,45,12,10,"1,352,230,650",134,4,2,2,0,2,1,1,4,0,0,0,0,2
628,1,7,12,15,23,42,11,9,"1,499,942,875",100,4,2,2,2,1,0,1,4,0,0,0,0,2
629,19,28,31,38,43,44,1,5,"2,919,433,575",203,3,3,0,1,1,2,2,4,1,0,0,0,2
630,8,17,21,24,27,31,15,3,"4,836,305,500",128,4,2,1,1,3,1,0,4,0,0,0,0,2
631,1,2,4,23,31,34,8,4,"3,919,853,532",95,3,3,3,0,1,2,0,3,1,0,0,0,2
632,15,18,21,32,35,44,6,11,"1,432,587,716",165,3,3,0,2,1,2,1,4,0,0,0,0,2
633,9,12,19,20,39,41,13,12,"1,217,257,094",140,4,2,1,3,0,1,1,4,1,0,0,0,3
634,4,10,11,12,20,27,38,13,"1,077,935,106",84,2,4,2,3,1,0,0,3,0,1,0,0,2
635,11,13,25,26,29,33,32,8,"1,855,587,235",137,5,1,0,2,3,1,0,3,1,0,0,0,2
636,6,7,15,16,20,31,26,8,"1,832,362,219",95,3,3,2,3,0,1,0,3,1,0,0,0,2
637,3,16,22,37,38,44,23,4,"3,899,241,094",160,2,4,1,1,1,2,1,5,1,0,0,0,1
638,7,18,22,24,31,34,6,7,"2,229,403,179",136,2,4,1,1,2,2,0,4,0,0,0,0,2
639,6,15,22,23,25,32,40,4,"4,061,185,219",123,3,3,1,1,3,1,0,4,1,0,0,0,2
640,14,15,18,21,26,35,23,9,"1,728,768,834",129,3,3,0,3,2,1,0,3,1,0,0,0,2
641,11,18,21,36,37,43,12,8,"1,990,074,563",166,4,2,0,2,1,2,1,4,1,0,0,0,2
642,8,17,18,24,39,45,32,12,"1,251,460,438",151,3,3,1,2,1,1,1,5,1,0,0,0,2
643,15,24,31,32,33,40,13,6,"2,535,763,625",175,3,3,0,1,1,4,0,3,0,1,0,0,1
644,5,13,17,23,28,36,8,8,"1,831,451,204",122,4,2,1,2,2,1,0,4,0,0,0,0,2
645,1,4,16,26,40,41,31,4,"3,696,297,750",128,2,4,2,1,1,1,1,5,1,0,0,0,2
646,2,9,24,41,43,45,30,7,"2,215,498,393",164,4,2,2,0,1,0,3,3,0,0,0,0,1
647,5,16,21,23,24,30,29,7,"2,189,725,608",119,3,3,1,1,4,0,0,3,1,0,0,0,1
648,13,19,28,37,38,43,4,7,"2,120,987,947",178,4,2,0,2,1,2,1,4,1,0,0,0,2
649,3,21,22,33,41,42,20,5,"2,948,042,100",162,4,2,1,0,2,1,2,4,1,0,0,0,2
650,3,4,7,11,31,41,35,5,"2,849,298,900",97,5,1,3,1,0,1,1,4,1,0,0,0,3
651,11,12,16,26,29,44,18,8,"1,855,306,454",138,2,4,0,3,2,0,1,3,1,0,0,0,2
652,3,13,15,40,41,44,20,5,"3,003,483,525",156,4,2,1,2,0,1,2,4,1,0,0,0,2
653,5,6,26,27,38,39,1,14,"980,958,670",141,3,3,2,0,2,2,0,3,1,0,0,0,2
654,16,21,26,31,36,43,6,8,"1,879,301,391",173,3,3,0,1,2,2,1,4,0,0,0,0,3
655,7,37,38,39,40,44,18,9,"1,661,439,625",205,3,3,1,0,0,4,1,3,0,0,1,0,2
656,3,7,14,16,31,40,39,2,"7,330,002,750",111,3,3,2,2,0,2,0,3,0,0,0,0,1
657,10,14,19,39,40,43,23,9,"1,694,762,792",165,3,3,1,2,0,2,1,4,1,0,0,0,2
658,8,19,25,28,32,36,37,9,"1,634,031,375",148,2,4,1,1,2,2,0,4,0,0,0,0,2
659,7,18,19,27,29,42,45,11,"1,336,604,216",142,4,2,1,2,2,0,1,4,1,0,0,0,2
660,4,9,23,33,39,44,14,10,"1,421,272,575",152,4,2,2,0,1,2,1,4,0,0,0,0,2
661,2,3,12,20,27,38,40,8,"1,713,025,547",102,2,4,2,2,1,1,0,4,1,0,0,0,2
662,5,6,9,11,15,37,26,8,"1,689,733,688",83,5,1,3,2,0,1,0,3,1,0,0,0,2
663,3,5,8,19,38,42,20,7,"2,080,244,143",115,3,3,3,1,0,1,1,4,0,0,0,0,2
664,10,20,33,36,41,44,5,10,"1,536,801,338",184,2,4,1,1,0,2,2,4,0,0,0,0,2
665,5,6,11,17,38,44,13,4,"3,643,230,375",121,3,3,2,2,0,1,1,4,1,0,0,0,1
666,2,4,6,11,17,28,16,6,"2,396,901,063",68,2,4,3,2,1,0,0,3,0,0,0,0,1
667,15,17,25,37,42,43,13,7,"2,228,764,393",179,5,1,0,2,1,1,2,4,1,0,0,0,2
668,12,14,15,24,27,32,3,5,"2,991,158,625",124,2,4,0,3,2,1,0,3,1,0,0,0,2
669,7,8,20,29,33,38,9,6,"2,708,173,188",135,3,3,2,1,1,2,0,4,1,0,0,0,2
670,11,18,26,27,40,41,25,12,"1,191,725,219",163,3,3,0,2,2,1,1,4,1,0,0,0,2
671,7,9,10,13,31,35,24,4,"3,722,322,844",105,5,1,3,1,0,2,0,3,1,0,0,0,1
672,8,21,28,31,36,45,43,9,"1,754,745,000",169,3,3,1,0,2,2,1,4,0,0,0,0,2
673,7,10,17,29,33,44,5,10,"1,491,453,300",140,4,2,2,1,1,1,1,5,0,0,0,0,2
674,9,10,14,25,27,31,11,8,"1,770,565,500",116,4,2,2,1,2,1,0,4,1,0,0,0,1
675,1,8,11,15,18,45,7,4,"3,514,549,032",98,4,2,2,3,0,0,1,3,0,0,0,0,2
676,1,8,17,34,39,45,27,8,"1,879,726,500",144,4,2,2,1,0,2,1,4,0,0,0,0,1
677,12,15,24,36,41,44,42,8,"1,921,114,407",172,2,4,0,2,1,1,2,4,0,0,0,0,2
678,4,5,6,12,25,37,45,6,"2,288,490,188",89,3,3,3,1,1,1,0,4,0,1,0,0,2
679,3,5,7,14,26,34,35,5,"2,863,005,600",89,3,3,3,1,1,1,0,4,0,0,0,0,2
680,4,10,19,29,32,42,30,14,"1,110,570,563",136,2,4,2,1,1,1,1,5,0,0,0,0,2
681,21,24,27,29,43,44,7,6,"2,696,328,938",188,4,2,0,0,4,0,2,2,1,0,0,0,2
682,17,23,27,35,38,43,2,4,"4,063,713,563",183,5,1,0,1,2,2,1,4,0,0,0,0,2
683,6,13,20,27,28,40,15,16,"1,010,930,883",134,2,4,1,2,2,1,0,4,1,0,0,0,2
684,1,11,15,17,25,39,40,9,"1,688,815,709",108,6,0,1,3,1,1,0,4,0,0,0,0,2
685,6,7,12,28,38,40,18,11,"1,494,367,671",131,1,5,2,1,1,2,0,4,1,0,0,0,2
686,7,12,15,24,25,43,13,8,"1,937,531,719",126,4,2,1,2,2,0,1,4,1,0,0,0,2
687,1,8,10,13,28,42,45,6,"2,720,029,313",102,2,4,3,1,1,0,1,4,0,0,0,0,2
688,5,15,22,23,34,35,2,9,"1,967,536,750",134,4,2,1,1,2,2,0,4,1,0,0,0,3
689,7,17,19,30,36,38,34,7,"2,321,775,911",147,3,3,1,2,1,2,0,4,0,0,0,0,2
690,24,25,33,34,38,39,43,15,"1,126,507,625",193,3,3,0,0,2,4,0,2,1,0,0,0,2
691,15,27,33,35,43,45,16,6,"2,839,296,750",198,6,0,0,1,1,2,2,4,0,0,0,0,3
692,3,11,14,15,32,36,44,7,"2,301,273,697",111,3,3,1,3,0,2,0,3,1,0,0,0,1
693,1,6,11,28,34,42,30,10,"1,642,763,813",122,2,4,2,1,1,1,1,5,0,0,0,0,2
694,7,15,20,25,33,43,12,10,"1,555,036,388",143,5,1,1,2,1,1,1,5,0,0,0,0,2
695,4,18,26,33,34,38,14,11,"1,450,214,830",153,1,5,1,1,1,3,0,4,1,0,0,0,2
696,1,7,16,18,34,38,21,10,"1,632,054,413",114,2,4,2,2,0,2,0,3,0,0,0,0,2
697,2,5,8,11,33,39,31,10,"1,531,443,038",98,4,2,3,1,0,2,0,3,0,0,0,0,1
698,3,11,13,21,33,37,18,8,"1,921,084,125",118,6,0,1,2,1,2,0,4,0,0,0,0,3
699,4,5,8,16,21,29,3,8,"1,995,411,375",83,3,3,3,1,2,0,0,3,1,0,0,0,1
700,11,23,28,29,30,44,13,8,"2,082,099,188",165,3,3,0,1,4,0,1,3,0,1,0,0,1
701,3,10,14,16,36,38,35,10,"1,583,183,175",117,1,5,2,2,0,2,0,3,0,0,0,0,2
702,3,13,16,24,26,29,9,11,"1,465,091,387",111,3,3,1,2,3,0,0,3,0,0,0,0,2
703,10,28,31,33,41,44,21,5,"3,235,784,100",187,3,3,1,0,1,2,2,4,0,0,0,0,2
704,1,4,8,23,33,42,45,4,"3,865,190,344",111,3,3,3,0,1,1,1,4,0,0,0,0,2
705,1,6,17,22,28,45,23,4,"3,987,206,532",119,3,3,2,1,2,0,1,4,0,0,0,0,1
706,3,4,6,10,28,30,37,4,"3,831,746,063",81,1,5,4,0,2,0,0,2,1,0,0,0,2
707,2,12,19,24,39,44,35,12,"1,322,167,313",140,2,4,1,2,1,1,1,5,0,0,0,0,2
708,2,10,16,19,34,45,1,4,"4,099,552,219",126,2,4,2,2,0,1,1,4,0,0,0,0,1
709,10,18,30,36,39,44,32,14,"1,165,271,625",177,1,5,1,1,1,2,1,5,0,0,0,0,2
710,3,4,9,24,25,33,10,5,"2,895,441,150",98,4,2,3,0,2,1,0,3,1,0,0,0,2
711,11,15,24,35,37,45,42,7,"2,277,413,358",167,5,1,0,2,1,2,1,4,0,0,0,0,3
712,17,20,30,31,33,45,19,4,"4,034,485,125",176,4,2,0,2,1,2,1,4,1,0,0,0,2
713,2,5,15,18,19,23,44,9,"1,714,720,917",82,4,2,2,3,1,0,0,3,1,0,0,0,2
714,1,7,22,33,37,40,20,7,"2,085,131,733",140,4,2,2,0,1,3,0,3,0,0,0,0,2
715,2,7,27,33,41,44,10,6,"2,605,510,438",154,4,2,2,0,1,1,2,4,0,0,0,0,2
716,2,6,13,16,29,30,21,12,"1,358,752,157",96,2,4,2,2,2,0,0,3,1,0,0,0,2
717,2,11,19,25,28,32,44,6,"2,702,433,688",117,3,3,1,2,2,1,0,4,0,0,0,0,2
718,4,11,20,23,32,39,40,17,"926,166,464",129,3,3,1,2,1,2,0,4,0,0,0,0,1
719,4,8,13,19,20,43,26,9,"1,879,581,334",107,3,3,2,3,0,0,1,3,1,0,0,0,2
720,1,12,29,34,36,37,41,14,"1,233,770,358",149,3,3,1,1,1,3,0,4,1,0,0,0,1
721,1,28,35,41,43,44,31,8,"2,273,767,360",192,4,2,1,0,1,1,3,4,1,0,0,0,2
722,12,14,21,30,39,43,45,4,"4,365,422,719",159,3,3,0,2,2,1,1,4,0,0,0,0,1
723,20,30,33,35,36,44,22,8,"2,114,365,360",198,2,4,0,1,1,3,1,4,1,0,0,0,2
724,2,8,33,35,37,41,14,12,"1,427,789,813",156,4,2,2,0,0,3,1,3,0,0,0,0,1
725,6,7,19,21,41,43,38,11,"1,579,217,250",137,5,1,2,1,1,0,2,4,1,0,0,0,2
726,1,11,21,23,34,44,24,14,"1,166,872,634",134,4,2,1,1,2,1,1,5,0,0,0,0,3
727,7,8,10,19,21,31,20,14,"1,115,107,742",96,4,2,3,1,1,1,0,4,1,0,0,0,2
728,3,6,10,30,34,37,36,5,"3,243,464,400",120,2,4,3,0,1,2,0,3,0,0,0,0,2
729,11,17,21,26,36,45,16,4,"4,198,250,719",156,4,2,0,2,2,1,1,4,0,0,0,0,2
730,4,10,14,15,18,22,39,8,"2,017,382,110",83,1,5,2,3,1,0,0,3,1,0,0,0,2
731,2,7,13,25,42,45,39,7,"2,340,471,054",134,4,2,2,1,1,0,2,4,0,0,0,0,2
732,2,4,5,17,27,32,43,7,"2,203,270,608",87,3,3,3,1,1,1,0,4,1,0,0,0,2
733,11,24,32,33,35,40,13,4,"4,016,725,125",175,3,3,0,1,1,4,0,3,1,0,0,0,1
734,6,16,37,38,41,45,18,9,"1,949,395,500",183,3,3,1,1,0,2,2,4,1,0,0,0,2
735,5,10,13,27,37,41,4,10,"1,847,231,588",133,5,1,2,1,1,1,1,5,0,0,0,0,2
736,2,11,17,18,21,27,6,5,"3,397,362,225",96,4,2,1,3,2,0,0,3,1,0,0,0,2
737,13,15,18,24,27,41,11,4,"4,283,061,000",138,4,2,0,3,2,0,1,3,0,0,0,0,1
738,23,27,28,38,42,43,36,11,"1,634,191,091",201,3,3,0,0,3,1,2,3,1,0,0,0,2
739,7,22,29,33,34,35,30,4,"4,744,122,282",160,4,2,1,0,2,3,0,3,0,1,0,0,1
740,4,8,9,16,17,19,31,18,"936,929,792",73,3,3,3,3,0,0,0,2,1,0,0,0,2
741,5,21,27,34,44,45,16,6,"3,043,595,938",176,4,2,1,0,2,1,2,4,1,0,0,0,2
742,8,10,13,36,37,40,6,16,"1,111,814,813",144,2,4,2,1,0,3,0,3,1,0,0,0,2
743,15,19,21,34,41,44,10,7,"2,608,641,000",174,4,2,0,2,1,1,2,4,0,0,0,0,2
744,10,15,18,21,34,41,43,15,"1,155,411,575",139,3,3,1,2,1,1,1,5,0,0,0,0,2
745,1,2,3,9,12,23,10,20,"746,822,982",50,4,2,4,1,1,0,0,3,0,1,0,0,2
746,3,12,33,36,42,45,25,9,"2,038,623,709",171,3,3,1,1,0,2,2,4,0,0,0,0,2
747,7,9,12,14,23,28,17,9,"1,903,214,584",93,3,3,2,2,2,0,0,3,0,0,0,0,1
748,3,10,13,22,31,32,29,9,"1,928,246,542",111,3,3,2,1,1,2,0,4,1,0,0,0,2
749,12,14,24,26,34,45,41,13,"1,350,104,395",155,1,5,0,2,2,1,1,4,0,0,0,0,3
750,1,2,15,19,24,36,12,7,"2,522,104,286",97,3,3,2,2,1,1,0,4,1,0,0,0,1
751,3,4,16,20,28,44,17,8,"2,097,968,110",115,1,5,2,2,1,0,1,4,1,0,0,0,2
752,4,16,20,33,40,43,7,9,"1,870,358,834",156,2,4,1,2,0,2,1,4,0,0,0,0,2
753,2,17,19,24,37,41,3,6,"2,711,105,063",140,4,2,1,2,1,1,1,5,0,0,0,0,2
754,2,8,17,24,29,31,32,5,"3,427,542,000",111,3,3,2,1,2,1,0,4,0,0,0,0,1
755,13,14,26,28,30,36,37,8,"2,214,427,266",147,1,5,0,2,3,1,0,3,1,0,0,0,2
756,10,14,16,18,27,28,4,5,"3,414,434,700",113,1,5,1,3,2,0,0,3,1,0,0,0,2
757,6,7,11,17,33,44,1,21,"739,839,858",118,4,2,2,2,0,1,1,4,1,0,0,0,2
758,5,9,12,30,39,43,24,8,"2,078,969,954",138,4,2,2,1,1,1,1,5,0,0,0,0,2
759,9,33,36,40,42,43,32,6,"3,032,670,500",203,3,3,1,0,0,3,2,3,1,0,0,0,2
760,10,22,27,31,42,43,12,8,"2,253,299,391",175,3,3,1,0,2,1,2,4,1,0,0,0,2
761,4,7,11,24,42,45,30,7,"2,392,730,518",133,3,3,2,1,1,0,2,4,0,0,0,0,2
762,1,3,12,21,26,41,16,10,"1,631,432,063",104,4,2,2,1,2,0,1,4,0,0,0,0,3
763,3,8,16,32,34,43,10,8,"2,138,130,000",136,2,4,2,1,0,2,1,4,0,0,0,0,2
764,7,22,24,31,34,36,15,7,"2,459,975,465",154,2,4,1,0,2,3,0,3,0,0,0,0,2
765,1,3,8,12,42,43,33,15,"1,109,214,250",109,3,3,3,1,0,0,2,3,1,0,0,0,2
766,9,30,34,35,39,41,21,8,"2,173,637,297",188,4,2,1,0,1,3,1,4,1,0,0,0,2
767,5,15,20,31,34,42,22,15,"1,163,768,725",147,3,3,1,2,0,2,1,4,0,0,0,0,2
768,7,27,29,30,38,44,4,13,"1,363,572,260",175,3,3,1,0,3,1,1,4,1,0,0,0,2
769,5,7,11,16,41,45,4,9,"1,930,760,042",125,5,1,2,2,0,0,2,3,0,0,0,0,2
770,1,9,12,23,39,43,34,8,"2,163,099,329",127,5,1,2,1,1,1,1,5,0,0,0,0,2
771,6,10,17,18,21,29,30,4,"4,362,644,907",101,3,3,2,2,2,0,0,3,1,0,0,0,1
772,5,6,11,14,21,41,32,10,"1,769,608,838",98,4,2,2,2,1,0,1,4,1,0,0,0,3
773,8,12,19,21,31,35,44,11,"1,609,403,080",126,4,2,1,2,1,2,0,4,0,0,0,0,2
774,12,15,18,28,34,42,9,11,"1,709,721,512",149,1,5,0,3,1,1,1,4,0,0,0,0,2
775,11,12,29,33,38,42,17,5,"3,470,437,650",165,3,3,0,2,1,2,1,4,1,0,0,0,2
776,8,9,18,21,28,40,20,7,"2,557,579,393",124,2,4,2,1,2,1,0,4,1,0,0,0,3
777,6,12,17,21,34,37,18,21,"833,468,036",127,3,3,1,2,1,2,0,4,0,0,0,0,2
778,6,21,35,36,37,41,11,3,"6,264,069,500",176,4,2,1,0,1,3,1,4,0,1,0,0,2
